Age;Name;Address;Height;Weight
;Mackenzie Smith;"PSC 5946, Box 4146
APO AP 97253";181.0;85.0
33.0;Wendy Martinez;;157.0;48.0
51.0;Mary Porter;"700 Brown Underpass Suite 488
Lake Jonathan, NY 74272";;46.0
78.0;Samantha Oneill;"USS Davidson
FPO AA 87684";;79.0
33.0;Michelle Cruz;"33486 Corey Glens Suite 340
Adamton, CO 23239";177.0;44.0
48.0;William Burns;"6948 Dean Orchard
Morrismouth, CO 90261";162.0;42.0
74.0;Christina Powell;"847 Christina Views Suite 770
Alexview, MS 07280";181.0;55.0
35.0;Zachary Davis;;176.0;57.0
74.0;;"918 Tucker Gardens
New Benjaminmouth, ME 92501";181.0;106.0
47.0;;;195.0;
;Kevin Castillo;"67958 Shannon Springs
Lake Susanshire, CA 79124";199.0;76.0
59.0;Julia Perez;"5100 Allen Parkway Suite 129
North Theresaport, AS 72029";153.0;
48.0;Christian Li;"53645 Garcia Hill Apt. 705
Jamesberg, VA 41240";150.0;
44.0;Kevin Fletcher;"USNS Nichols
FPO AA 02419";160.0;78.0
81.0;Kimberly Davis;"353 Mark Locks
Lisaton, NE 51095";163.0;99.0
39.0;Travis Good;"29099 Fitzpatrick Village
Claytown, MI 69323";152.0;95.0
;Wendy Lester;"3779 Jimmy Mall
South Danielburgh, SC 47848";191.0;
64.0;Scott Harmon;"73850 Lance Points
Antoniofort, MD 68890";191.0;59.0
56.0;Andrew Blackwell;"4295 Todd Rapids Suite 578
Maryfort, IA 44482";168.0;
20.0;Amanda Cooper;"132 Shepherd Forges
Jennifermouth, IA 25704";175.0;77.0
;Dalton Guerrero;"147 Dominique Wall
Ramosborough, MA 01273";164.0;88.0
44.0;Jacob Case;"PSC 9756, Box 8563
APO AP 37648";169.0;79.0
83.0;John Anderson;"63290 Angela Fork Apt. 442
Lake Joseph, OK 72202";174.0;68.0
90.0;Jennifer Nicholson;"303 Paul Corner Apt. 093
Jessicahaven, AK 20718";;81.0
81.0;Patricia Hanson;"Unit 2039 Box 1870
DPO AE 88395";178.0;92.0
21.0;Lauren Morris;;197.0;57.0
51.0;Christopher Becker;"5118 Kathryn Neck
West Christian, VT 61235";187.0;88.0
91.0;Susan Ramirez;"06059 Tara Parkways
Cherylborough, IN 71921";183.0;110.0
73.0;Lawrence Le;"719 Mitchell Crest Apt. 630
New Latoyaborough, OK 13592";197.0;95.0
99.0;Jillian Jones;"51092 Hall Mills Suite 448
Port Chadside, PA 09704";165.0;56.0
26.0;Melissa Bird;"PSC 8067, Box 1495
APO AA 00709";186.0;
84.0;Donna Cohen;"6636 Julie Summit Suite 384
Mccartyton, AZ 34593";154.0;86.0
56.0;Beth Harrison;"80172 Nathan Meadows Suite 811
Port Steven, MH 98077";172.0;96.0
49.0;Debbie Schneider;"932 Tony Passage
Bradleyhaven, VA 24110";178.0;99.0
76.0;Crystal Wagner;"0157 Reed Isle Apt. 623
Shermanhaven, VI 13159";167.0;
;Darryl Reyes;"005 Combs Bypass
South Samantha, SC 68213";154.0;61.0
;;"79784 Charles Meadow
New Sarahbury, VT 09686";188.0;46.0
61.0;Ryan Cummings;"852 Bradley Divide
Oconnortown, MS 52447";173.0;89.0
33.0;Caitlin Richards;"6324 Allen Plains Apt. 760
Hughesfurt, VA 93925";;87.0
53.0;Derek Huang;"5690 Jessica Locks Apt. 062
Edwardsport, VI 10254";190.0;45.0
49.0;Wendy Woodard;"USNS Little
FPO AP 09895";;51.0
22.0;Shannon Bentley;"31306 Phillip Road Suite 896
Lake Sarahbury, AZ 49036";191.0;81.0
56.0;Brittany Vargas;"80536 Sarah Harbor
Nicholaschester, VI 00791";200.0;56.0
49.0;Michele Parsons;"86580 Ashley Street Suite 451
Josephton, SD 42643";200.0;102.0
63.0;Lindsay Hernandez;"2764 Colleen Field
Hawkinsside, MT 95580";157.0;100.0
89.0;William Lam;"6188 Adam Parkways Apt. 779
West Robertburgh, IA 89396";190.0;91.0
56.0;Nathan Kelly;;198.0;99.0
21.0;David Sanchez;"6198 Johnson Gardens
Wilsonfort, HI 45960";160.0;102.0
48.0;;"535 Heather Plains Suite 482
Port Matthewland, AZ 88965";152.0;101.0
89.0;Shelby Murphy;;;49.0
35.0;;"9433 Michael Wells
North Davidmouth, MD 53354";178.0;99.0
;Fernando Lin;"72177 Miller Parkway Apt. 630
West Heather, OH 59974";189.0;90.0
24.0;Tanya Green;"3312 White Stravenue
North Caleb, DC 53389";200.0;43.0
32.0;Luke Smith;"938 Leah Walks
Carpenterfurt, ND 75797";184.0;60.0
;James Lewis;"9899 Luis Ramp Suite 094
New Helenview, VI 18640";157.0;48.0
73.0;John Brewer;"542 Miranda Cliff
East Traciland, SC 49842";163.0;82.0
20.0;Charles Barnes;"USCGC Armstrong
FPO AA 45315";160.0;71.0
35.0;Christina Kemp;"5238 Moore Flat Suite 820
East Cynthiafort, MH 43959";174.0;
75.0;;"6298 Flores Isle Apt. 498
Timothybury, MA 70954";167.0;110.0
91.0;Malik Parsons;"07590 Joyce Road Apt. 063
New Jasmineberg, GU 74181";170.0;70.0
45.0;Gina Harrison;"88977 Jermaine Summit Suite 385
West Markview, MO 15740";152.0;55.0
37.0;Stephanie Jimenez;;200.0;79.0
;Marissa Ward;"43323 Roberts Burg Apt. 358
South Angela, TN 06929";177.0;92.0
39.0;Scott Phillips;"33190 Villarreal Cliff
Hayesville, DC 57713";199.0;
;Brian Shepherd;"19825 Travis Mills Apt. 031
North Josephview, ND 81898";158.0;107.0
99.0;Stanley Bryant;"298 Andrew Skyway
West Toddhaven, MT 80129";156.0;61.0
43.0;Anthony Jensen;;164.0;61.0
56.0;;"25358 Gabrielle Pass Apt. 309
North Zacharytown, FM 11342";177.0;56.0
93.0;Kenneth Banks;"36770 Andrew Wall
Christopherview, MT 90636";165.0;53.0
76.0;Joseph Martinez;"31622 Melinda Rapids
Byrdview, KY 48042";165.0;89.0
27.0;Melanie Smith;"0471 Garcia Isle Suite 793
New Brandon, RI 60419";165.0;59.0
20.0;Haley Obrien;"2882 Jennifer Manors Apt. 913
Grantburgh, NE 46781";186.0;82.0
92.0;Jennifer Adams;"011 John Inlet
New Edward, FM 67334";177.0;88.0
24.0;Randy Scott;"4413 Alyssa Point Apt. 592
Lake Emilyshire, NV 47375";160.0;94.0
30.0;Susan Solis;"821 Cooper Knolls Suite 875
Jeremyfort, ME 73293";;
54.0;Brittany Fowler;"30467 Cynthia Station
Stevenhaven, MN 52956";155.0;
29.0;Billy Potts;"PSC 6407, Box 2507
APO AA 93737";165.0;
69.0;Scott Maldonado;"03582 Anne Ferry Suite 697
Lake John, NM 92523";198.0;80.0
91.0;Gary Pierce;"739 Mark Alley Apt. 273
Port Miranda, MT 33006";159.0;42.0
80.0;;;150.0;46.0
25.0;David Nelson;"883 Amy Port Apt. 530
West Alicechester, KY 67527";191.0;57.0
41.0;Patricia Kim;"69382 Jeffery Underpass Suite 042
West Jasmine, DE 27008";171.0;
64.0;Hannah Martinez;"23761 Courtney Points
Sarahside, LA 55810";;107.0
84.0;Miranda Reed;"48365 Ethan Summit
Port Timothystad, HI 92962";179.0;62.0
;Joann Parks;"70190 Richard Club
Romerostad, PW 57630";193.0;80.0
25.0;Tyler Hanson;"3790 Carter Place
North Jamie, FL 97464";159.0;62.0
20.0;Christopher Ryan;"6050 Powell Mall
East Jamestown, NV 56146";162.0;71.0
33.0;Katherine Gray;"PSC 7362, Box 3312
APO AP 04516";193.0;60.0
31.0;Alicia Neal;"7197 Alexandra Haven Apt. 980
North Matthewview, WY 08280";176.0;104.0
55.0;Nina Lee;"9248 Shelly Port
Amandaborough, NC 80128";166.0;78.0
;Scott Stewart;"1959 Valdez Field Apt. 514
East Franciscoport, HI 81055";154.0;107.0
97.0;Joseph Edwards;"061 Cynthia Coves Apt. 751
West Frederick, OK 02044";187.0;70.0
90.0;Sabrina Myers;"5655 Herrera Hill Suite 906
Amandaport, MO 59279";152.0;110.0
74.0;Adam Cook;"3244 Amanda Spur
Kennethborough, MI 61810";;97.0
76.0;Aaron Taylor;"061 Cheryl Walk
Duranport, ND 84957";176.0;57.0
99.0;Jared Lane;"8899 Ryan Crossing
Anthonyhaven, CA 30454";;100.0
61.0;Yvonne King;"PSC 7523, Box 6584
APO AE 08854";183.0;64.0
23.0;Benjamin Moore;"2214 Curry Turnpike Apt. 438
Port Briannaburgh, SD 57795";181.0;83.0
80.0;John Fernandez;"526 Park Drives
Davidmouth, FL 22567";186.0;98.0
59.0;Erin Hawkins;"499 Gary Field
New David, DC 20955";173.0;99.0
33.0;;"725 Grant Hills
Bennettbury, NM 36927";183.0;78.0
89.0;Kevin Henry;"63246 Johnson Plains Suite 830
New Laura, IL 18787";187.0;43.0
95.0;;"9539 Gina Harbor Suite 045
West Tonya, ND 38912";177.0;106.0
75.0;Joshua Sanders;"02640 Rodriguez Pass
West Julie, IN 89258";181.0;59.0
53.0;Steven Lawrence;"83719 Anderson Pines Apt. 699
Karenbury, AR 53830";192.0;85.0
29.0;Ann Andrade;"711 Kevin Land
Wernerville, HI 91916";161.0;107.0
51.0;Bobby Pratt;"6667 Cole Extensions Suite 855
New Jesseborough, NJ 81910";151.0;94.0
39.0;James Kelly;"13731 Heather Point
Baileymouth, AK 42181";182.0;95.0
69.0;Vincent Griffin;"61579 Best Overpass
Lake Samuel, VI 17298";164.0;61.0
96.0;Ashley Williams;"397 Michael Mountains Suite 902
Fisherville, MN 92481";172.0;92.0
53.0;;"PSC 1745, Box 4277
APO AA 15940";;100.0
91.0;Brian Bennett;"131 Chen Hill
Terryview, DC 79186";;99.0
;Michele Lewis;"8068 Jessica Keys
Dennisberg, WA 72552";193.0;69.0
34.0;Mark Brown;"0000 Faulkner Burg Apt. 453
Hillshire, SD 20582";163.0;72.0
88.0;Christina Gutierrez;;164.0;49.0
;Amanda Thompson;"07956 Lopez Pine Suite 228
Brandonhaven, NH 11560";177.0;77.0
58.0;Jeffery Williams;"70568 Escobar Hills Suite 559
Port Megan, SD 83721";165.0;
42.0;Shelby Singh;"3953 Hansen Mill
West Briannamouth, TN 69503";152.0;
47.0;Timothy Moran;"6489 Smith Tunnel Suite 813
Gilbertfort, IL 16309";172.0;97.0
36.0;Taylor Keller;"059 Christensen Island Apt. 276
Lambfurt, IA 15190";159.0;
97.0;Christopher Medina;"422 Gerald Cape Suite 612
Millerland, CO 47074";162.0;64.0
58.0;Alexis Reese;"6031 Kelley Mill Suite 201
New Kayla, UT 27132";189.0;48.0
37.0;Justin Garcia;;160.0;48.0
26.0;John Valdez;"4161 Laurie Roads Suite 106
Rothberg, MT 78624";194.0;53.0
87.0;Joseph Frye;"021 Steven Courts
Jillianfort, CT 93496";164.0;64.0
97.0;Natalie Miller;"6483 Judith Fort
Jenningsbury, MP 56931";157.0;91.0
;David Dunn;"2508 Wendy Point
Lake Kennethmouth, CT 75096";166.0;80.0
80.0;;"950 Garrett Views
West Beverlytown, AK 56807";165.0;83.0
82.0;;"550 Christine Way Apt. 288
South Philip, PA 88921";194.0;54.0
;Wendy Johnson;"940 Courtney Village Suite 689
New Manuel, RI 16302";174.0;104.0
35.0;Wayne Crawford;"2414 Joseph Crossroad Apt. 414
East Debra, PW 19777";169.0;
42.0;James Howell;"684 Smith Burgs Apt. 914
New Ray, IN 72440";151.0;87.0
21.0;Susan Hooper;;;88.0
36.0;Daniel Ruiz;"9273 Pierce Motorway
Smithmouth, LA 50813";171.0;89.0
67.0;Ashley Johnson;"713 Heather Course
Matthewburgh, AL 62949";162.0;
71.0;Jessica Palmer;;160.0;78.0
59.0;Kyle Curtis;"6609 Christopher Ranch Suite 339
Coltontown, AL 24913";153.0;83.0
97.0;Brandon Bowman;"5262 Moreno Island
Murrayville, WI 45384";166.0;
33.0;Duane Allen;;190.0;98.0
73.0;;"0843 Julie Locks Apt. 895
Smithfurt, PA 86600";153.0;
48.0;;"7860 Jessica Station Suite 852
Christinefurt, CT 43603";170.0;58.0
54.0;Christine Banks;"USNV Woods
FPO AP 80849";198.0;72.0
42.0;Lori Arroyo;"7446 Daniel Creek Apt. 919
Port Xavier, NC 51093";154.0;107.0
51.0;;"69486 Juarez Bypass
New Donaldfurt, KS 65768";159.0;98.0
30.0;Karen Lee;;192.0;64.0
86.0;Rebecca Cruz;"6782 Frazier Underpass Apt. 693
Marshallmouth, NE 16962";178.0;76.0
71.0;Mindy Wagner;"7111 Brandon Crest Apt. 992
Wangland, AZ 91873";160.0;91.0
76.0;Victoria Li;"07864 Brittany Passage
North John, MI 35768";164.0;87.0
55.0;Caroline Klein;"341 Jones Common Apt. 286
West Melinda, WI 47378";156.0;65.0
65.0;Brenda Novak;"074 Micheal Camp
Jamesfurt, MD 04270";169.0;90.0
38.0;Gregory Mendoza;"0939 Lisa Rapid
Crawfordbury, TX 99372";189.0;40.0
62.0;;"Unit 8044 Box 5703
DPO AE 35971";172.0;91.0
;Jessica Harper;"505 Rebecca Cliffs Suite 007
Vargasburgh, CA 77922";167.0;80.0
;Krista Carter;"Unit 7892 Box 2460
DPO AP 18536";150.0;75.0
24.0;Jessica Gilbert;"16144 Jason Gardens
North Sherry, MO 69099";175.0;110.0
50.0;;"015 Kelly Curve Apt. 944
Morrisfort, PA 62144";166.0;83.0
77.0;April Mejia;"92865 Tucker Hill
East Michael, AR 15566";176.0;78.0
74.0;Russell Oconnor;"565 Kenneth Track Apt. 449
Woodberg, DC 21761";166.0;52.0
92.0;Christopher Jensen;"581 Jessica Tunnel Suite 309
West Josetown, MH 49442";189.0;51.0
80.0;Nancy Smith;"2697 Williams Causeway
North Taraville, IA 97058";155.0;41.0
82.0;Melinda Cooper;"484 Young Shores
New Alexander, MI 67603";195.0;92.0
36.0;;"0939 Matthew Haven Apt. 538
Amyville, MI 31632";;
76.0;Nancy Allen;"56160 Peters Extension Suite 984
Jeffreyside, PR 36285";180.0;63.0
86.0;Jessica Lewis;"387 Willis Road Apt. 417
South James, WY 00876";155.0;72.0
46.0;Patrick Peterson;"300 Allen Rue Suite 795
New Raymondville, VA 32271";192.0;95.0
94.0;Donald Morris;"2236 Leon Squares
West Ashley, HI 45460";175.0;94.0
79.0;Tracy Wiley;"884 Oneill Ports Apt. 249
Williamstown, DC 78506";177.0;89.0
;Danielle Hale;"56482 Fernando Forges Apt. 630
East Nicolasfurt, IA 75517";153.0;110.0
94.0;Joseph Barnes;"87124 Elaine Run Apt. 789
Lake Kristen, ND 94109";173.0;
69.0;Jasmine Mckinney;"52926 Jamie Mountain Apt. 978
Baileyfort, AR 30914";;
55.0;Tara Anderson;"7313 Michael Wall
Lake Brett, WA 91739";200.0;50.0
30.0;Christian Glover;;153.0;110.0
21.0;John Smith;"45193 Richardson Track Suite 612
Christinastad, OK 65911";165.0;
67.0;Leah Taylor;"5221 Patricia Turnpike
Ianmouth, NH 15785";151.0;90.0
32.0;Daniel Smith;"98327 Harding Meadow Suite 397
New Edwardmouth, CT 54589";173.0;
53.0;Jeremy Evans;;152.0;70.0
34.0;Christopher Garcia;"504 Kyle Forges Apt. 070
Smithchester, WI 56809";174.0;88.0
39.0;Elizabeth Davis;"8761 Shannon Falls
Port Gregoryburgh, KY 40503";;110.0
45.0;Brandon Odonnell;"89732 Jason Island Suite 580
East Kyleview, MO 32396";150.0;
64.0;Sandra Murphy;"998 Jennifer Oval Apt. 459
Melissaside, NV 29800";154.0;73.0
80.0;Thomas Parker;"82634 Laura Crossroad
Roseland, AZ 64973";155.0;103.0
47.0;;"4053 Timothy Ville Apt. 115
Hillberg, PW 13787";157.0;53.0
52.0;Gloria Rose;"48734 Lewis Estate
Nunezberg, WY 85701";196.0;52.0
37.0;Erin Montoya;"0041 Shaw Village Suite 836
Willietown, MA 44641";200.0;42.0
59.0;Nicole Davies;"1521 Stephanie Loop Suite 848
South Monicafurt, VA 09359";179.0;54.0
48.0;Stephanie Diaz;;175.0;80.0
37.0;Michael Bell;"24826 Nguyen Rue Apt. 022
Lake Albert, CA 31129";163.0;60.0
61.0;Lauren Webb;"605 Isabella Neck Suite 842
New Brenda, AL 10932";177.0;62.0
97.0;Bianca Pena;"99029 Cowan Center Apt. 818
Patricktown, PW 30668";;108.0
79.0;;"531 Blake Key
New Laura, NJ 44632";172.0;84.0
85.0;Sheila Walker;"6439 Shane Way
West Manuelshire, IN 15726";200.0;100.0
58.0;;"94525 Evans Skyway Suite 661
Port Joshua, UT 06995";;48.0
88.0;Lorraine Miller;"401 Newman Center
Leachstad, MP 83335";162.0;76.0
43.0;Peter Meyer;"970 Christina Union
South Debraview, CA 89341";175.0;88.0
80.0;Nancy Hopkins;"3754 Brian Plaza Suite 525
Pattersonport, LA 97121";;80.0
31.0;Ashley Holt;"USNS May
FPO AA 69468";;107.0
32.0;Ryan Reeves;"38446 Barnett Isle
Amyville, AK 29209";185.0;107.0
98.0;;"2784 Simon Knolls Suite 563
North Yvonne, ND 66999";178.0;72.0
;Danielle Pruitt;"070 Karl Terrace
Ballardville, LA 60768";174.0;88.0
21.0;Christina Willis;"PSC 6011, Box 7121
APO AE 91360";177.0;108.0
62.0;Joyce Lutz;"Unit 3831 Box 7232
DPO AE 98662";;103.0
90.0;Joshua Thompson;"99281 Schwartz Squares Apt. 927
South Deborahborough, NM 68114";169.0;96.0
35.0;;"Unit 0161 Box 6262
DPO AE 52957";181.0;60.0
39.0;Ann Webster;"0735 Jones Road
West Ericaborough, OH 39693";158.0;97.0
68.0;John Hicks;"52507 Huffman Springs
Amandafort, NH 66127";155.0;48.0
72.0;Savannah Lopez;"884 Brent Summit
Lovebury, NM 40557";192.0;57.0
26.0;Thomas Liu;"15159 Smith Ford Apt. 056
Lake Alicia, GU 43249";152.0;89.0
22.0;Ryan Nguyen;"15305 Santos Walk
Lake Melissastad, IA 02170";199.0;59.0
21.0;Heather Anthony;"249 Kelly Spurs
Port Blakeshire, WV 96298";156.0;72.0
34.0;;"86008 Clark Rapids
East Chelsea, ID 61961";179.0;80.0
98.0;John Doyle;"Unit 1927 Box 3970
DPO AE 69750";193.0;46.0
42.0;Natasha Hunt;"3193 Gregory Freeway Suite 239
Thomasborough, PA 94799";181.0;98.0
;Nancy Robinson;"435 Collin Valley Suite 275
New Mariahbury, TN 82570";195.0;40.0
39.0;Carolyn Moore;"7255 Williams Springs
Martinezville, MN 12912";188.0;59.0
77.0;Annette Pham;"Unit 2816 Box 9942
DPO AP 42522";196.0;98.0
25.0;Kerri Alexander;"4017 Lozano Fork
Lake Aliciamouth, KY 79049";185.0;97.0
92.0;Rachel Allen;"5912 Evan Fords Suite 910
North Garyfurt, MO 76910";155.0;50.0
87.0;Anthony Monroe;"115 Parker Fields Apt. 083
South Jennifer, OR 55104";153.0;90.0
;;"56369 Thomas Island
Boyerhaven, PA 70217";191.0;
98.0;Kent Flynn;"9724 Fernandez Ville Suite 092
West Kimberly, NV 27329";196.0;
47.0;Donna Jones;"USNS Wright
FPO AA 10727";154.0;99.0
23.0;Nicholas Garza;"732 Jeffrey Passage
Knappton, ND 75599";165.0;
30.0;Corey Wallace;"481 Hubbard Neck
Pagetown, ME 17400";163.0;110.0
95.0;Tiffany Garcia;"51342 Rivas Prairie Suite 142
Blackburnborough, VI 55538";162.0;
;Amber Mitchell;"57493 Geoffrey Street
Port Lisafurt, PA 22737";156.0;76.0
100.0;Jennifer Scott;"2323 Michael Walk Apt. 590
Stephaniestad, NH 94224";195.0;
;Kevin Barajas;"327 Emily Turnpike Apt. 629
East Ann, CT 02095";188.0;82.0
90.0;Blake Reid;"434 Zachary Islands
East Jeffrey, FL 23643";184.0;47.0
63.0;Patrick Wells;"671 Dennis Harbors Suite 428
Geraldborough, AK 34549";187.0;58.0
50.0;Sierra Martinez;"USS Fitzgerald
FPO AA 21461";166.0;103.0
62.0;Erica Wolfe;"588 Mitchell Shore Suite 182
East Parker, OR 43444";160.0;85.0
80.0;Peter Mora;"794 Sabrina Crest Apt. 740
New Sherry, MA 06151";151.0;102.0
95.0;Kimberly Acevedo;"6760 Patricia Mill Suite 673
New Breannastad, PW 18322";155.0;59.0
42.0;Kathryn Rogers;"1292 Hernandez Dale Suite 406
North William, MS 55148";173.0;60.0
59.0;Annette Smith;"5479 Arnold Mill Apt. 681
South Linda, AK 90733";157.0;
25.0;Troy Kirk;"PSC 7193, Box 5787
APO AP 44173";196.0;99.0
;Jonathan Newman;"7496 Christopher Run Suite 722
Sarahland, TX 38807";186.0;70.0
26.0;Donna Clements;"542 Michael Glen Apt. 064
Angelaland, MA 99854";184.0;43.0
58.0;Veronica Snyder;"9979 Patrick Fork
Wandaview, FM 39916";;71.0
73.0;Victoria Washington;"45051 Huerta Coves
East Alexbury, NM 03448";194.0;94.0
35.0;Aaron Brown;"65614 Mcdaniel Drive Apt. 635
Acostashire, MD 98518";181.0;89.0
99.0;Paul Taylor;"22521 Day Cliffs
Johnchester, ME 82269";181.0;40.0
;Danielle Gibson;"065 Matthew Springs Suite 189
Wrightchester, NH 79132";196.0;84.0
46.0;Melissa Walker;"6235 Amy Lakes
Cohenshire, VT 58702";164.0;87.0
86.0;Bryan Sharp;"1150 Cindy Ranch Apt. 074
Lake Peterfurt, TX 03138";182.0;74.0
28.0;David Miller;"01396 Burns Port Suite 422
South Tammie, NV 71047";163.0;93.0
35.0;Laurie Simon;"071 Chase Passage Suite 824
Port Cassandra, MP 17253";154.0;52.0
71.0;Michael Brooks;"2253 Jesus Mountain Apt. 713
Nicholsonmouth, NY 49318";;103.0
79.0;Anthony Cooper;"24867 Campos Springs
Munozhaven, AR 94788";152.0;80.0
29.0;Justin Keller;"19588 April Hills
South Christinaburgh, ME 45902";157.0;45.0
72.0;George Smith;"4664 John Brook
Brianfurt, IA 58583";188.0;76.0
91.0;Mark Rogers;"7346 Tammy Fields
Port Carolfort, MH 70514";173.0;
98.0;Pamela Riley;"17167 Winters Expressway Suite 919
Perezfort, KY 44924";;
84.0;Angel Jacobs;"1284 Susan Corner Suite 890
East Donnastad, SD 83117";178.0;76.0
94.0;Patricia Lopez;"PSC 5209, Box 3515
APO AA 45822";153.0;43.0
62.0;Kimberly Stevens;"PSC 6101, Box 0084
APO AP 25915";196.0;95.0
73.0;Susan Schwartz;"USNS Owen
FPO AP 14062";162.0;59.0
;Nicole Vasquez;"612 Morales Road
South Hayley, LA 34797";187.0;75.0
76.0;Michael Smith;"50343 Mendoza Way Suite 897
South Christinaside, NV 64704";200.0;83.0
76.0;;"6835 Victor Valleys Apt. 080
Chaseview, WI 76458";187.0;44.0
39.0;Margaret Perry;"10426 Allen Brooks
Warnerland, MS 11726";157.0;44.0
51.0;;"919 Shannon Views Apt. 728
Sarahfort, GA 97300";194.0;55.0
69.0;;"96757 Payne Spring Suite 464
North Robertbury, VI 78640";;104.0
35.0;Crystal Massey;"939 William Rapids Suite 249
Port Erinburgh, SC 82265";159.0;54.0
65.0;Thomas Henderson;"159 Holly Throughway Apt. 908
Leeton, VT 75483";195.0;70.0
21.0;Matthew Berry;"2783 Michael Crossing Suite 484
Dawsonview, IN 33334";177.0;
22.0;Gina Rodgers;"57992 Washington Club Suite 689
North Lisachester, FL 09480";167.0;79.0
85.0;Kristen Lester;"USS Fox
FPO AE 76552";157.0;93.0
35.0;Ryan Frederick;"USS Porter
FPO AE 49305";;
90.0;Tanner Estes;"7528 Gonzales Light
Lake Thomas, MI 46020";167.0;
35.0;Kathy Hull;;174.0;90.0
100.0;Michael Martinez;"936 Sarah Orchard Apt. 243
Lake Alan, AZ 29191";150.0;93.0
88.0;Brian Payne;"20019 Patricia Plaza Suite 887
Lake Melissa, DE 10781";194.0;74.0
66.0;Amy Johnson;"USNS Murphy
FPO AA 97697";158.0;41.0
29.0;Tiffany Brown;"6013 Ashley Mills
Eatonbury, MA 37422";151.0;91.0
90.0;Bethany Ferguson;"069 Martin Overpass Apt. 308
Bryanstad, UT 59430";186.0;87.0
32.0;John Ramos;"0989 Ferguson Prairie Apt. 500
South Melissaside, WA 24544";165.0;68.0
82.0;Melissa Martinez;"7750 Matthews Stravenue
Mccormickton, MI 99334";195.0;85.0
80.0;Mitchell Sanchez;"2463 Renee Trafficway
Perezbury, WI 58051";189.0;82.0
67.0;Sarah Bailey;"776 Harris Islands Apt. 304
Port Claudia, IN 28007";173.0;65.0
65.0;Wendy Woods;"688 Linda Wall
New Richardview, NM 20232";155.0;95.0
84.0;Curtis Cline;"398 Shannon Roads
New Bryan, AS 43451";199.0;56.0
73.0;Peter Murphy;"2677 Scott Hollow
Powellton, TX 18437";192.0;62.0
43.0;Lindsay Garcia;;160.0;110.0
23.0;Katelyn Smith;"0306 Juarez Garden
Williamsstad, CT 24796";197.0;58.0
52.0;Toni Blevins;"6062 Lindsay Causeway Suite 196
Michaelview, FL 93107";189.0;50.0
62.0;Joshua Richardson;"943 Yoder Mews Suite 182
Kimberlyshire, WI 05448";181.0;80.0
50.0;Shelby Davis;"27319 Johnston Plains
North Ellen, PW 11738";167.0;91.0
59.0;Amber Brooks;"1445 Mallory Inlet
Davisland, TN 78795";;
54.0;Gerald Hill;"32501 Anderson Club
Campbellmouth, MT 55159";160.0;107.0
;Tyler Heath;"Unit 3121 Box 0218
DPO AP 97199";183.0;51.0
73.0;Kayla Parks;"675 Daniel Knolls Apt. 069
South Stephanie, FM 82214";154.0;47.0
42.0;Daniel Bender;"13500 Obrien Locks Apt. 811
Latashaview, GU 81802";180.0;98.0
83.0;Micheal Briggs;"89692 Barbara Curve Suite 409
New Williamberg, PR 63195";;45.0
;Margaret Jenkins;;167.0;95.0
43.0;Jeffrey Terry;"1429 Barbara Overpass
West Josephburgh, NM 40214";184.0;63.0
96.0;Lindsay Crawford;"USNV Wilson
FPO AA 71825";200.0;60.0
83.0;Ethan Thompson;"7429 Ho Manors
East Brett, MD 10897";170.0;47.0
48.0;;"852 Nichole View Apt. 116
New Matthewbury, MI 85876";153.0;41.0
39.0;;"7141 Evan Shore
New Margarettown, WA 47457";184.0;98.0
73.0;Connie Spence;"76467 Solomon Junction
West Johnbury, VA 41208";171.0;47.0
44.0;Jeffery Taylor;"690 Michael Crest
East Lindseystad, GA 62582";163.0;45.0
35.0;George Dixon;"2315 Jessica Burg
Austinchester, KY 74985";167.0;57.0
44.0;;"4015 Aguirre Circles
Lake Juliaport, RI 08240";153.0;
91.0;;;191.0;43.0
74.0;Rebecca Young;"Unit 2117 Box 1641
DPO AE 81791";198.0;63.0
62.0;Mark Smith;"248 Bender Estate Suite 088
Robertsville, WY 90099";;
74.0;Gregory Robinson;"0625 Kristin Dam Apt. 254
Juliemouth, IN 11698";188.0;67.0
20.0;Brenda Lambert;"6953 Bowman Brooks
Grantstad, GU 98855";165.0;49.0
91.0;Dana Coleman;"6917 Fowler Plaza Suite 818
Port Jonathan, IN 59167";187.0;75.0
51.0;Gabriela Little;;193.0;108.0
69.0;Sarah Wilcox;"4501 Veronica Branch Apt. 335
Duffyberg, WI 39797";179.0;68.0
52.0;Victoria West;"88313 Jacqueline Hill Apt. 127
West Paul, WV 57429";183.0;95.0
84.0;Robert Mann;"334 Corey Brook Apt. 451
New Peterland, RI 58650";165.0;85.0
28.0;Mark Gilmore;"PSC 2969, Box 3111
APO AP 80812";163.0;45.0
42.0;Brianna Nelson;"0551 Tara Forks
Hendrixborough, MP 85926";185.0;106.0
64.0;Douglas Taylor;"988 Gomez Creek
South Donaldfort, KS 38811";196.0;43.0
100.0;Arthur Palmer;"Unit 7960 Box 2203
DPO AE 58743";192.0;52.0
58.0;Kristen Yates;"088 Molina Village
West Stephanie, LA 56391";;
74.0;Christie Marks;"69138 Amanda Mountains Suite 191
South Thomasmouth, MO 19087";194.0;103.0
78.0;Barbara Everett;"40446 Knight Union
Lake Sarahhaven, LA 01852";165.0;104.0
68.0;Abigail Kennedy;;184.0;
87.0;Chad Rodriguez;"869 Christine Drive Suite 757
East Normatown, GU 61535";;45.0
38.0;Daniel Tucker;"69508 Janet Rue Suite 840
Port Dawn, MP 37751";197.0;69.0
39.0;Matthew Finley;"0359 Hill Spurs
Port Jeremyfurt, DC 84387";;69.0
47.0;Eric Martinez;"9396 Johnson Plains
Lake Jaredshire, ME 96935";159.0;47.0
43.0;Damon Gomez;;194.0;45.0
52.0;Jackie Fisher;"4656 Kristin Key
Lake Justin, GU 06272";164.0;77.0
35.0;Daniel Martinez;"465 Duffy Ramp Apt. 785
Rodriguezview, HI 30193";180.0;86.0
82.0;Elizabeth Cook;"049 Michael View Suite 527
Charlenefort, MD 38495";158.0;98.0
80.0;Lisa Shaw;"1663 Carolyn Plains
Griffinfurt, WA 07140";193.0;62.0
88.0;Andrew Turner;"7544 Kristi Locks Suite 104
New Billyland, NY 27767";195.0;51.0
59.0;;"182 Silva Meadow
Port Clinton, NE 67473";200.0;48.0
77.0;Shannon Richards;"8977 Samuel Rapid
Deniseburgh, MA 59911";158.0;105.0
44.0;James Winters;"9490 Gardner Harbor
Port Marvin, SD 51709";183.0;41.0
33.0;Kevin Thompson;"026 Paul Throughway Apt. 134
Jeromehaven, MP 96110";171.0;99.0
98.0;Curtis Zavala;"81401 Daniel Fords
North Daniel, GA 34345";179.0;57.0
36.0;Heather Frederick;"129 Boyer Haven Suite 975
East Matthew, DC 56904";153.0;50.0
61.0;;"7712 Cynthia Lock Suite 403
Janetview, UT 59154";175.0;76.0
55.0;Marcus Lee;"31767 John Oval
North Sean, CA 31119";;
74.0;Carolyn Sellers;"44009 Mary Spur Suite 255
South Joyfurt, DE 76131";197.0;104.0
50.0;Michael Parks;"0668 Barnes Rest
South Briannamouth, DC 33325";;46.0
79.0;Rachel White;"45935 Case Forges Suite 224
Youngview, KY 93917";;77.0
24.0;Tiffany Wilson;"32070 Mitchell Ramp Apt. 877
Christinaberg, TN 34163";177.0;79.0
80.0;Isaac Williams;"6569 Lambert Green Suite 733
North Paul, CA 22409";164.0;103.0
48.0;Brandi Green;"90276 Kathryn Drive
South Gregoryberg, SD 08469";169.0;79.0
42.0;Anthony Reed;"582 Burns Crest Suite 458
Kristychester, ME 03780";198.0;81.0
;Jessica Miller;"9550 Richard Islands Suite 554
Port Jason, TX 50619";150.0;70.0
94.0;Henry Torres;"860 Walters Points Apt. 155
East Michaelview, MD 20620";175.0;69.0
62.0;Jessica Williams;"5395 Scott Glens Apt. 912
Hurleyside, KY 07076";180.0;87.0
32.0;Janet Bowen;"725 Gabriella Junction Apt. 806
South Suzannebury, NE 76457";173.0;105.0
67.0;Jeremy Greer;"PSC 8142, Box 1979
APO AP 77070";169.0;46.0
51.0;Joshua Robinson;"8274 Stevens Road
North Jonathan, IL 82309";174.0;110.0
59.0;Christina Parker;"9966 Hutchinson Springs Suite 038
Jamesside, IN 21567";172.0;45.0
82.0;Lori Nelson;"3765 Davis Trace Suite 271
Lake Jorge, TN 66147";199.0;95.0
31.0;Rachel Werner;"43687 Steven Trafficway Apt. 836
Port Hollyland, IA 12166";156.0;
83.0;Jacob Pacheco;;152.0;49.0
23.0;Cheryl Owen;"727 Douglas Village Suite 781
North Kathleen, VT 35812";;65.0
;Patrick Martinez;"8396 Brian Island Suite 483
Lake Amy, PW 99607";159.0;94.0
29.0;Daniel Snyder;;182.0;92.0
55.0;Suzanne Norman;;158.0;70.0
63.0;Jonathan Acevedo;"6214 Julie Trace Apt. 509
Jamesbury, ME 37881";175.0;
;Vincent Williams;"72664 Jeffrey Light Apt. 420
East Barry, TX 81261";157.0;99.0
20.0;Nicolas Stevens;"46855 Kelly Mall Suite 504
New John, IL 99093";164.0;47.0
61.0;Benjamin Rosario;"170 Schaefer Road Suite 944
West Tom, TX 53362";151.0;73.0
54.0;Christopher Taylor;"47466 Cassandra Roads
Devinmouth, VA 18617";154.0;83.0
51.0;Michael Snow;"36200 Parker Road Apt. 598
Barneston, AK 63154";191.0;55.0
94.0;Megan Jones;"503 Linda Fords
Lake Lindsay, PR 43163";198.0;90.0
77.0;Susan Chambers;"PSC 9732, Box 5602
APO AE 49978";152.0;97.0
45.0;Michael Kirby;"884 Nicholas Knoll Suite 693
Tracyberg, NE 80571";193.0;55.0
24.0;Angela Lopez;"8224 Joseph Drive Suite 425
North Troy, KY 23596";152.0;46.0
51.0;Adam Buchanan;"9052 Jerome Summit
Port Matthewville, OK 17839";;64.0
54.0;;"34238 Gibson Knolls
Campbellton, NY 97094";172.0;42.0
27.0;Brian Rivera;"267 Michael Camp
Masseychester, NV 71598";167.0;108.0
72.0;Christian Wood;"591 Phillips Square
Contrerashaven, WI 66299";176.0;57.0
26.0;Amber Adams;"2795 John Dale Suite 701
Wellsside, NC 51484";179.0;100.0
37.0;Theresa Newton;"77994 Sarah Pine Suite 791
Jeffreyside, NM 67177";190.0;106.0
39.0;Michelle Cooper;"1725 Randolph Haven Suite 141
Paulaport, MD 23585";162.0;76.0
56.0;Roy Odonnell;"7489 Hogan Lodge
West Richard, NH 61540";159.0;52.0
51.0;Michael Chen;"276 Sara Roads Apt. 236
Carterbury, NC 26694";197.0;49.0
47.0;Tammy Chavez;"2078 Tucker Islands
Lake Sandra, MN 05931";152.0;79.0
27.0;Shane Ingram;"0803 Madison Fork
Goldenland, WY 49427";162.0;63.0
71.0;Gary Howard;"603 Tricia Streets Apt. 113
Hensonbury, AR 28554";153.0;103.0
98.0;Robert Jordan;;184.0;87.0
55.0;Nancy Rodriguez;"0617 David Brook Apt. 104
Collinsside, MI 08531";155.0;108.0
60.0;;"604 Richmond Underpass Suite 693
West Nancyland, GA 61746";171.0;97.0
81.0;Patricia Patel;;180.0;
75.0;Michael Butler;"993 Clark Fork Apt. 636
East Danielstad, SD 32670";178.0;
60.0;Jennifer Williams;"3552 Myers Plaza
East Tyler, NV 22444";162.0;96.0
72.0;Diane Nunez;"976 Julian Square
Josephland, OH 90979";178.0;56.0
71.0;Carolyn Jackson;"214 Callahan Well
New Aaronfurt, AR 20057";168.0;42.0
62.0;;"450 Christina Run Apt. 544
Daviston, GU 58277";174.0;78.0
67.0;Daisy Campbell;"USNS Richardson
FPO AE 91715";200.0;89.0
63.0;Ryan Chambers;"336 Suzanne Shoal Suite 476
South Natasha, KS 34111";200.0;48.0
97.0;Meredith Adams;"86668 Thomas Summit
West Margaret, NE 72542";183.0;45.0
20.0;Robin Davis;"35044 John Haven Suite 914
Lake Crystal, ID 45304";170.0;75.0
68.0;Arthur Simmons;"829 Buck Circle
Laurahaven, DC 89868";;40.0
45.0;Christopher Hahn;"96034 Dustin Stream
West Brandon, RI 02887";;102.0
44.0;Mitchell Thompson;"6452 Morris Station
East Roy, DE 34374";;107.0
62.0;Zachary Conley;"PSC 6959, Box 0879
APO AP 17542";172.0;42.0
65.0;Robert Campos;"853 Monique Brooks Suite 532
New Tammyland, AS 91475";;104.0
65.0;;"2217 Jacqueline Station Apt. 008
Graveston, OR 11961";193.0;83.0
;Sarah Thompson;"43617 Melissa Wall Apt. 121
Cunninghamview, ID 76894";156.0;82.0
68.0;Alexa Miller;"8884 Coffey Road
Sherihaven, PA 41705";;103.0
93.0;Catherine Smith;;186.0;99.0
29.0;Sierra Phillips;"05563 Chan Mountains
East Kathryn, MD 92461";153.0;110.0
25.0;Taylor Johnson;"77793 Anderson Divide Suite 638
Traciton, NH 74936";167.0;92.0
99.0;Steven Smith;;183.0;55.0
88.0;Jade Fletcher;;199.0;97.0
37.0;Alison Grant;"2994 Taylor Street Suite 019
Davidshire, GU 14021";162.0;100.0
98.0;Peter Evans;"08553 Potts Squares Suite 011
North Ricardomouth, MO 45202";152.0;100.0
95.0;Erin Petersen;;187.0;87.0
30.0;Christopher Walker;;159.0;81.0
69.0;Thomas Kemp;"1709 Todd Harbors Suite 827
West Helen, MN 72976";162.0;89.0
55.0;Diane Gregory;"16877 Dunlap Plains
Smithberg, MT 10941";163.0;57.0
22.0;;"717 Cheryl Harbors Apt. 619
East Vanessa, ND 85680";190.0;59.0
44.0;Paige Ritter;"9551 Schmidt Land
New Christopher, NC 45866";151.0;45.0
65.0;Jessica Ramirez;"312 Conner Lodge
West Benjamin, CT 17211";151.0;50.0
;Kristen Bentley;"7451 Kelly Throughway Apt. 566
Jessicaburgh, GA 51768";165.0;96.0
62.0;Alejandro Caldwell;"719 Mendoza Causeway
Marytown, KS 53925";161.0;
62.0;Miranda Stephens;"0878 Knox Roads Suite 264
New Jonathanhaven, NM 27851";193.0;100.0
84.0;Misty Benitez;"77744 Riley Place
Derrickmouth, MS 67935";166.0;45.0
88.0;Audrey Villarreal;"372 George Cliffs
Michaelshire, TX 83556";173.0;72.0
55.0;Randy Campbell;"860 Wilkinson Club
New Ryantown, KY 19627";170.0;56.0
58.0;Christina Brown;"8545 Reid Extensions Suite 212
Christianport, MH 75129";195.0;77.0
;Kristin Deleon;"314 Kurt Fort Apt. 632
North Julietown, MD 77751";187.0;73.0
81.0;Kristen Ali;"2070 Steven Ferry Apt. 177
Phillipsstad, DE 89819";165.0;108.0
49.0;Jessica Miller;;172.0;88.0
50.0;Shelley Martin;"1421 Thomas Field
Lewisshire, UT 77635";159.0;69.0
46.0;Andrea Mcclain;"5684 Joyce Greens
Dorseyfurt, MS 30325";197.0;71.0
50.0;;"63048 Brian Villages Suite 754
Port James, KS 40798";155.0;40.0
53.0;Chris Ortega;;199.0;71.0
45.0;Erica Bennett;"40800 Sarah Flat
Stephanieburgh, AK 41725";175.0;41.0
;Donald Gomez;"52359 Coleman Parkways
North Stephanie, VI 36238";159.0;53.0
84.0;Tara Garcia;"6255 Vicki Lane Apt. 323
Allenberg, PW 68670";200.0;59.0
66.0;Samuel Vance;"234 Thomas Wall
North Luiston, ME 61711";165.0;94.0
;Brittany Taylor;"27234 Blanchard Field
East Richardtown, MS 14631";168.0;46.0
99.0;Dustin Johnson;"144 Larson Freeway
New Tammie, CO 77211";195.0;71.0
30.0;;"20063 Todd Oval
Cantrellview, OR 48280";188.0;95.0
100.0;Beth Bender;;192.0;86.0
99.0;Philip Stevens;"307 Holmes View
Tammyberg, AL 93547";159.0;72.0
;Christy Dunn;"403 Coleman Turnpike
Brandonhaven, WY 91512";197.0;83.0
57.0;Timothy Mccormick;"61651 Nancy Rue
Westville, ID 17792";169.0;85.0
95.0;Colleen Walker;;192.0;61.0
22.0;Jared Martin;"8308 Jacqueline Parks Suite 736
Kennedyburgh, TX 17475";151.0;45.0
29.0;Tara Ruiz;"199 Robin Park Suite 571
Kennedystad, UT 09246";174.0;60.0
80.0;Kimberly Sanders;"28932 Cynthia View
West Dylan, WV 19725";157.0;94.0
65.0;;"56148 Brown Junction Apt. 053
Andersonborough, MT 59776";174.0;92.0
;;"94497 Alan Port Apt. 094
Crystalmouth, MH 87079";153.0;49.0
23.0;Lee Kidd;"959 Davis Curve
Timothymouth, NC 13155";171.0;
52.0;Sierra Cabrera;"46171 Lauren Streets Apt. 052
Morganview, RI 52186";181.0;99.0
48.0;Julia Brown;"7127 Novak Trail
New Fredville, PA 26597";178.0;40.0
95.0;Katherine Figueroa;"373 Stacey Mall Apt. 161
South Manuelland, VI 85820";169.0;47.0
46.0;Rhonda Cox;"801 Lucas Turnpike Suite 182
Port Melanie, MO 23300";192.0;48.0
53.0;Brandon Good;;189.0;66.0
100.0;Elizabeth Irwin;"6040 Guerrero Ridge Suite 411
New Kathleen, KY 71835";174.0;74.0
32.0;Jillian Rich;"340 Christopher Shore Apt. 220
East Cherylport, NH 93971";;93.0
44.0;Rebecca Perez;"69583 Donald Plaza Apt. 090
Wongfurt, MD 77621";173.0;53.0
60.0;Kristen Dean;"99900 Owen Valleys
Ericashire, VT 11358";187.0;82.0
;Sandra Burton;"1856 Sarah Row
Valerieton, NY 80039";153.0;86.0
81.0;Christopher Mathews;"448 Pena Branch
Port Megantown, GA 47325";160.0;93.0
47.0;Tina Knox;"22837 Mcpherson Mews Apt. 621
Lake Alexandra, SD 81532";167.0;94.0
81.0;Amanda Wilson;"14886 Hebert Dale
Lake Carlosfurt, WI 29298";158.0;95.0
36.0;Charles Davis;"3035 Hayes Prairie Apt. 653
Cruzshire, PR 17918";194.0;69.0
93.0;;"7488 Angela Rapid
Veronicachester, ND 35570";162.0;92.0
88.0;;"4284 Aaron Forks Apt. 884
Angelatown, SD 83885";195.0;67.0
57.0;Samantha Wood;;196.0;101.0
50.0;Trevor Tate;"9511 Kim Inlet Apt. 465
West Audreyborough, PW 72826";152.0;97.0
30.0;Bridget Stewart;"PSC 3226, Box 8666
APO AP 41583";191.0;42.0
92.0;Amy Morgan;"89831 Susan Isle
South Donnaview, PA 06438";174.0;72.0
78.0;Nathan Reynolds;"0838 Jessica Street
Rodneyfort, TN 30841";175.0;74.0
76.0;Tiffany Fuller;;182.0;49.0
;Robin Watts;"84330 Maria Cliffs
Erinborough, ND 35473";179.0;96.0
36.0;Andrea Valdez;"Unit 4122 Box 5373
DPO AA 80654";176.0;79.0
54.0;;"835 Mitchell Dam
South Brad, AL 07593";;88.0
58.0;Robert Gillespie;;152.0;97.0
95.0;Lauren Davis;"938 Moreno Avenue Suite 021
Ramosmouth, NH 50149";163.0;53.0
26.0;Bonnie Saunders;"87339 Rosario Court
Clarenceton, AZ 94891";187.0;69.0
25.0;Henry Davidson;"337 Bowman Manors
Robertsonmouth, NY 33716";164.0;42.0
59.0;Gary Mcdonald;"5833 Jennifer Cliffs
Oscarshire, GA 79861";162.0;81.0
90.0;Ashley Fleming;"5099 Lisa Haven
Wilsonshire, WI 89785";179.0;106.0
47.0;;"666 David Tunnel
South Nicholas, NC 98346";182.0;47.0
39.0;;"9501 Woodward Wall
New Michaelbury, PA 67887";;62.0
84.0;Victor Fletcher;"00056 Nicholas Street Apt. 571
East Jacob, CA 49424";158.0;84.0
65.0;Chelsea Young;"Unit 4806 Box 2955
DPO AP 61245";158.0;91.0
93.0;Jennifer Bailey;"8439 Vargas Ferry
Lake Stevenside, NJ 03232";157.0;44.0
56.0;Alyssa Daniels;;158.0;92.0
65.0;Frank Sandoval;"33781 Tracy Unions Apt. 091
North Luisborough, AZ 15350";164.0;53.0
;Melanie Reese;"836 Cindy Land Apt. 637
Deborahview, IA 71829";167.0;63.0
73.0;Travis Fischer;;151.0;77.0
68.0;Shannon Arias;"9498 Peters Junctions Suite 888
Port Paulburgh, AS 75124";199.0;56.0
83.0;Thomas Alvarez;"328 Luna Rapids
Lake Andre, VT 25819";157.0;96.0
77.0;Samuel Reid;;167.0;81.0
88.0;;"25196 Jason Crest Suite 415
Hallburgh, MI 04181";170.0;
20.0;Ronald Miller;"214 Sonia Avenue Apt. 744
Lake Jeffreyland, RI 07720";187.0;49.0
95.0;Brian Johnson;"675 Joshua Island Suite 538
New Charles, MI 04427";157.0;66.0
48.0;Katie Gomez;"9775 Gutierrez Turnpike
Taylorbury, GA 73238";154.0;56.0
;April Cooper;"1718 Yvonne Dale Suite 846
Port Bryanchester, MI 54781";199.0;45.0
45.0;Veronica Smith;"6988 Emily Station Suite 414
Angelamouth, CA 60119";;86.0
20.0;Michael Skinner;"656 Cohen Tunnel
South Cliffordfurt, NJ 75567";152.0;55.0
;Rhonda Bowman;"26534 Adam Mission Suite 953
Velazquezchester, SD 88690";193.0;78.0
87.0;Heather Lyons;"08365 Clark Streets Apt. 483
East Matthew, GU 05209";183.0;86.0
78.0;Michelle Lopez;;162.0;
57.0;;"0131 Kimberly Hills
Port Patriciaberg, ND 61219";186.0;90.0
92.0;Sharon Gray;;150.0;52.0
62.0;John Rodriguez;"02308 Luke Lodge
Gailfurt, IN 32221";160.0;90.0
66.0;Stephen Fisher;"0427 Gregory Gardens Apt. 971
Brandonmouth, NM 52152";189.0;101.0
50.0;;"3236 Charles Knolls
Reedfurt, MP 18745";154.0;83.0
51.0;Jesse Simpson;"24608 Kathryn Island Apt. 259
Allisonland, PA 48239";191.0;83.0
97.0;Ronnie Nguyen;"USCGC Reed
FPO AE 53080";157.0;50.0
97.0;;"75439 Anderson Skyway
South Amymouth, PW 86430";168.0;45.0
64.0;Jason Hunt;"19643 Jeremiah Lakes
Sanchezberg, PW 24450";;80.0
72.0;Michael Rodriguez;"5422 Adam Villages
Port Danielmouth, MH 22371";179.0;77.0
46.0;Mary Foley;"Unit 5057 Box 9414
DPO AE 01749";156.0;65.0
79.0;Ryan Powell;"5156 Rachel Branch Suite 637
Andersonbury, SD 12895";180.0;104.0
76.0;Robin Coleman;;181.0;79.0
85.0;David Wright;;162.0;90.0
31.0;Anthony Garcia;"125 Jennifer Haven
Millerburgh, UT 39902";174.0;51.0
82.0;;"21936 Walker Mall Apt. 105
Kevinview, PW 27590";160.0;70.0
32.0;Jason Hall;"11775 Wilson Walks
Matthewport, WI 62314";188.0;
47.0;John Wilson;;;62.0
68.0;Brian Cunningham;"078 Graves Junctions Suite 596
Michelleville, OH 47551";175.0;84.0
49.0;Elizabeth Smith;"66244 Mcclure Plaza Apt. 853
West Matthew, MO 37120";153.0;88.0
72.0;Chelsey Sims;"984 Reese Vista
Lake Arthur, IL 05365";162.0;43.0
40.0;;"92638 Yu Street
East Paulbury, MN 82011";156.0;60.0
92.0;Brian Cox;"5905 Mcdonald Wells
Juliastad, IL 10004";198.0;50.0
;Ryan Thompson;"6955 Tiffany Shore
West Alexandra, NE 76055";;43.0
25.0;Megan Grant;"247 Stephanie Brooks Suite 103
South Adam, SC 85224";168.0;
65.0;Emma Schmidt;;170.0;110.0
86.0;Donald Collins;"042 Thomas Islands
West Reneeville, DC 91055";151.0;
;Cheryl Jones;"532 Steve Curve
South Kennethmouth, VT 54886";181.0;60.0
90.0;Marissa Shelton;"7806 Brown Row Suite 487
Carlsonstad, AL 97444";156.0;41.0
21.0;;"504 Troy Cape
Keithside, CO 83739";151.0;106.0
;Mario Summers;;177.0;100.0
66.0;Brandon Kane;"896 Williams Square Apt. 380
Andrewchester, AR 95849";194.0;87.0
;Sandra Duffy;"7560 Joshua Mews Apt. 391
Wrightchester, MS 97108";;106.0
43.0;Christina Ward;"6018 Dunlap Corners
East Coreymouth, GA 43610";168.0;88.0
50.0;Jane Black;;178.0;68.0
91.0;Allen Robinson;"8273 Ryan Common
Port Mike, GU 27976";163.0;60.0
53.0;Cassandra Lewis;"6090 Wilson Junction
Kellyfurt, WY 42029";177.0;84.0
;Hunter Clark;"0860 Jones Burgs
Wesleychester, VA 07161";165.0;
30.0;Sheila Ayers;"43182 Stephanie Tunnel
North Amyfurt, PA 59913";195.0;43.0
74.0;Zachary Watson;"02600 Sydney Spring
Mcculloughfort, CT 59654";181.0;90.0
63.0;Christine Stephens;"4421 Amber Curve Apt. 389
North Oliviaport, SD 17346";161.0;68.0
28.0;Christine Cantrell;"97765 Lisa Circle
West Kelly, AK 96336";185.0;89.0
80.0;Jim Wiggins;"034 Dana Common
South Jennifer, VI 31623";151.0;67.0
67.0;;"6229 Hernandez Prairie
Patriciashire, ND 59848";166.0;73.0
40.0;Steven Anderson;"9306 Laura Shores
South Michaelhaven, GU 69053";180.0;74.0
52.0;;"818 Thomas Vista Suite 299
Dalebury, AK 68311";155.0;62.0
71.0;Eric Roberson;"3035 Evans Loop Suite 435
South Cynthia, CT 29332";195.0;51.0
64.0;Courtney Rodriguez;"PSC 7955, Box 2059
APO AE 08092";187.0;75.0
100.0;Christopher Vaughn;"3592 Natalie Isle Apt. 006
North Jessica, IN 99927";179.0;58.0
93.0;Jessica Quinn;"48342 Madeline Village
Michaelfurt, IN 45815";178.0;108.0
28.0;Cory Gilmore;"77185 Misty Views Suite 236
Paceview, ME 65367";160.0;65.0
38.0;;"692 Michael Islands
South Michaelfort, WV 01136";171.0;78.0
75.0;Sarah George;;177.0;40.0
27.0;Russell Frederick;"9235 Scott Landing Suite 100
Elizabethland, AZ 86708";187.0;84.0
43.0;Mitchell Brown;"549 Amy Corners Suite 277
Wolfeland, VA 08885";185.0;44.0
29.0;Andrea Gibson;"2673 Thomas Branch
West Jenniferbury, MI 35450";165.0;78.0
32.0;Kevin Hawkins;"52055 Sparks Flats
Port Sherry, PA 75355";165.0;109.0
73.0;Justin Welch;"83429 David Roads
Matthewview, AL 90655";162.0;97.0
26.0;Michael Haney;"407 Stephanie Path Apt. 445
Rodriguezville, MH 92881";;53.0
43.0;Jennifer Sandoval;"798 Hunter Landing
Walkerfurt, KY 40461";156.0;70.0
40.0;Patricia Rodriguez;"320 Anthony Creek Suite 797
Gomezland, PR 97646";177.0;96.0
;Kimberly Lawrence;"045 Gonzalez Squares
West Michael, MH 97866";;79.0
84.0;Harold Ward;"6108 Vincent Creek Apt. 274
Lake Josephton, VT 47404";152.0;
42.0;;"781 Connie Lake
Floydstad, WV 99332";193.0;
88.0;Samuel Thompson;;150.0;109.0
80.0;Micheal Evans;"7218 Lyons Course
Port Kristin, PA 96960";150.0;105.0
39.0;Brandon Baker;"636 Edward Skyway Suite 570
Lake Samantha, FM 04349";;62.0
;James Heath;"6839 Cindy Islands Suite 483
East Adriennetown, AR 27025";189.0;70.0
99.0;Ronald Cook;"0350 Dixon Stravenue Suite 538
Melissamouth, AR 85548";;57.0
98.0;Natasha Greer;"9096 Donna Loaf Apt. 374
Markfort, PW 17495";174.0;43.0
30.0;Miranda Nguyen;"12064 Thompson Falls Suite 392
East Scott, FL 32152";;56.0
98.0;Courtney Robinson;"984 Johnson Viaduct
Morseshire, KY 11259";180.0;48.0
44.0;Destiny Martinez;;188.0;81.0
81.0;Jason Chase;"4700 Gomez Mills Suite 165
Megantown, NY 48890";178.0;72.0
48.0;Andrew Morgan;"1336 Anthony Court Suite 705
Lake Jasontown, ND 37790";189.0;76.0
90.0;Hunter Little;"698 Young Flat
Annatown, PA 78466";173.0;43.0
;Peter Clark;"52665 Amber Lane Suite 789
Lake Cindy, ND 51774";153.0;96.0
38.0;Christine Patterson;"6729 Gene Knoll
Port Austinview, RI 92620";178.0;44.0
22.0;Johnny Phillips;"230 Keith Parkway
Lawrenceside, MN 79635";169.0;110.0
74.0;Raymond Robles;"3258 Alexander Dale Apt. 289
Rachelchester, NM 87946";182.0;
23.0;Robert Munoz;"258 Morton Brook Suite 387
Lake Lisaborough, FM 24548";197.0;53.0
70.0;Megan Patel;"75237 Coleman Mountains
Johnsonfort, IL 34478";174.0;71.0
49.0;Christopher Burgess;"3641 Rebecca Spring Suite 202
Medinaview, TN 89723";162.0;62.0
56.0;Jonathan Harris;;;101.0
44.0;Sean Hale;"Unit 3565 Box 3584
DPO AP 29061";159.0;48.0
56.0;John Williams;"229 Miller Way Suite 900
Amyfurt, CA 09402";190.0;77.0
90.0;;"USNV Owens
FPO AA 07366";175.0;91.0
29.0;;;185.0;108.0
97.0;Katelyn Parks;;164.0;87.0
37.0;Doris Lee;"55691 Donaldson Haven Suite 490
North Howardborough, NC 09467";170.0;103.0
;;"24144 Vasquez Keys Apt. 668
North Jessica, MP 38012";155.0;103.0
46.0;;"624 Smith Loop Apt. 543
Bakerborough, MI 89895";193.0;57.0
20.0;April Cortez;"PSC 1893, Box 5194
APO AP 91924";177.0;73.0
90.0;Jerry Lee;"Unit 1518 Box 9510
DPO AA 94918";187.0;66.0
36.0;Craig Martinez;;173.0;60.0
36.0;Carolyn Hamilton;"666 Michael Crossroad
Sheltonland, RI 72494";;106.0
;;"596 Robinson Springs
Williamsmouth, CT 37037";153.0;100.0
75.0;Lisa Brock;"9306 Carol Villages
Lake Johnburgh, WV 20830";161.0;94.0
92.0;Steven Conner;"47100 Michael Loop Apt. 006
East Jonathan, IA 39536";174.0;52.0
;Gabrielle Huynh;;152.0;93.0
37.0;Gregory May;"74932 Jeremy Plains
North Reginald, VA 22258";192.0;
34.0;Jason Buck;"342 Higgins Inlet Apt. 329
North Jason, AR 73303";152.0;62.0
23.0;Kristin Aguilar;"6810 Brown Center
Dawnmouth, MH 73584";155.0;103.0
;;"5962 Miller Land
Keymouth, ME 04820";181.0;91.0
82.0;;"Unit 2984 Box 1123
DPO AE 01926";;94.0
86.0;Sarah Edwards;;184.0;
72.0;Jennifer Jimenez;"8757 Carpenter Parks Apt. 296
Zacharyview, NE 59476";170.0;61.0
62.0;Shelly Powell;"7998 Smith Falls Apt. 137
Nicholsonbury, MN 83547";200.0;98.0
68.0;Kristen Taylor;"9967 Desiree View Apt. 501
New Christinafort, IA 88717";151.0;44.0
96.0;William Parker;"442 Marshall Bridge Apt. 112
South Rodneyland, AL 31818";184.0;43.0
38.0;;"5844 Franco Roads Suite 999
Port Kathleen, NC 49229";154.0;90.0
60.0;Vincent Johnson;"856 Jonathan Ferry Suite 025
Dillonland, AK 93489";159.0;102.0
72.0;Matthew Rodriguez;"9180 Hodges Locks Suite 503
Jasonland, OK 01644";196.0;72.0
68.0;;"35675 Jill Center
Christineburgh, NE 93057";;47.0
67.0;Devin Figueroa;"PSC 2473, Box 8319
APO AE 19702";173.0;60.0
76.0;Tracy Williams;"5795 Vang Locks
New Danny, WI 17505";158.0;62.0
48.0;Phillip Aguilar;"413 Amber Knolls Apt. 672
South Austinview, MH 51731";172.0;67.0
38.0;James Lambert;;183.0;59.0
77.0;Brian Mills;"USNS Johnston
FPO AA 53649";194.0;78.0
56.0;Elaine Armstrong;;163.0;109.0
73.0;Jennifer Quinn;"USNV Hernandez
FPO AE 89429";162.0;108.0
31.0;Cory Scott;"74780 Kirsten Lodge Apt. 810
Chadfort, DC 01553";163.0;62.0
;Robert Griffin;"70825 James Court Suite 419
Sandersview, DE 96371";189.0;106.0
;Michael Jackson;"92999 Miller Turnpike Suite 816
New Manueltown, CO 81652";159.0;86.0
27.0;Edward Peterson;"99831 Owens Falls Apt. 958
East Kristinmouth, WI 67420";200.0;49.0
34.0;Norman Lopez;"21885 Davis Locks
South Joshua, LA 12988";157.0;85.0
49.0;Tony Simpson;"28611 Salinas Spring Apt. 798
South Keithland, IN 41796";;48.0
61.0;Michelle Blake;"718 Eric Field Apt. 010
Roymouth, UT 73312";152.0;74.0
51.0;Mark Wheeler;"85694 Kevin Trace Suite 073
East Williamstad, WA 05478";198.0;86.0
78.0;Holly Reynolds;"4495 Kelly Views Apt. 012
Williamsside, VA 76423";195.0;55.0
59.0;Anthony Sampson;"104 Robin Drive
Ricardoland, NM 18599";155.0;99.0
;Sean Cooper;;181.0;70.0
85.0;Debra Wade;"1553 Jorge Greens Apt. 662
North Samanthaborough, GU 24956";165.0;73.0
69.0;Kimberly Lopez;"855 Chad Mews Apt. 154
West Ryanshire, SD 63324";179.0;60.0
63.0;William Johnson;"4555 Amy Lodge Suite 755
New Frank, WA 12117";166.0;70.0
76.0;Lauren Walters;"7080 Edwards Mission
South Shannon, HI 03028";151.0;68.0
77.0;Aaron Knox;"50778 Dave Unions
East Michael, AS 01267";170.0;72.0
;Scott Douglas;"46306 Sonya Rue
East Ryan, TN 97420";;69.0
99.0;Michelle Bell;"148 Pamela Prairie Suite 291
Websterborough, WI 66913";154.0;66.0
62.0;;"97437 Andre Trail
New Lindsey, ID 48090";199.0;68.0
20.0;Tanya Allen;"514 Harris Manors Apt. 198
South Mary, NJ 89818";175.0;77.0
71.0;Laura Vargas;"85829 Garcia Shore
Donaldfort, PW 22765";170.0;66.0
78.0;Jessica Parker;"7690 Donald Plaza Suite 860
Johnsonstad, RI 12565";160.0;101.0
37.0;William Allen;"286 Deborah Crossroad
East Michael, NE 74465";175.0;62.0
41.0;James Michael;"16114 Thornton Walks
Tonyastad, ME 45025";158.0;54.0
93.0;Kelly Myers;"9479 Norris Track
New Mitchell, GA 16958";167.0;76.0
32.0;Nathaniel Lloyd;"169 Jackson Underpass
North Joseph, WY 59151";156.0;83.0
62.0;Nicole Thomas;"5752 Cox Mountains Suite 505
South Alyssa, NE 82743";154.0;58.0
88.0;Amanda Wilson;;;55.0
98.0;Amanda Clark;"1174 Cervantes Fort Apt. 618
Dunnchester, NV 33586";198.0;41.0
27.0;Zachary Chen;;165.0;70.0
27.0;Angela Adams;"9302 Taylor Motorway Suite 497
Lake Wendyborough, MS 96203";175.0;110.0
54.0;Matthew Garcia;"02919 Eric Corners
West Jasmine, AK 67322";171.0;65.0
26.0;Sheila Howard;"396 Jones Forks
Barrshire, SD 64280";;80.0
83.0;Heather King;"8020 Crystal Vista Apt. 841
Chadmouth, NY 97656";;
32.0;Joseph Bowen;"658 Hubbard Row Apt. 906
Timothystad, NY 14514";155.0;96.0
;Alexander Torres;;189.0;64.0
68.0;Jonathan Robles;"929 Jimmy Crossroad Apt. 986
North Cristian, RI 85743";157.0;44.0
39.0;Kimberly Andrade;"48408 Carlos Radial
South Royborough, WI 11070";198.0;48.0
43.0;Austin Pena;"43651 Berry Landing Suite 497
Louisside, AL 83760";178.0;85.0
43.0;;"3778 Rodriguez Brook
North Justin, LA 52889";;48.0
23.0;Tyler Graves;"968 Koch Gardens Suite 676
Brownberg, SC 85756";193.0;45.0
70.0;Michelle Harris;"1384 Michael Wells Apt. 008
Diazport, MO 33400";159.0;55.0
79.0;;"033 Santos Pass
Pattersontown, WI 15365";156.0;48.0
35.0;Peter Norton;"569 Lindsey Branch
Johnsonburgh, VT 26711";195.0;106.0
46.0;Clifford Hancock;"334 Jorge Stravenue Apt. 232
Toddshire, AS 43864";160.0;99.0
82.0;Wendy Durham;"Unit 1651 Box 3884
DPO AA 05805";166.0;75.0
55.0;;"865 Tracey Wells
Sanchezville, WI 16854";;64.0
69.0;Anne Brown;"8495 Todd Lane Suite 700
Kleinside, NV 17698";165.0;64.0
97.0;Cassandra Lopez;;159.0;
20.0;;"230 Cynthia Burgs
Bryceborough, NM 36515";162.0;44.0
93.0;Michael Nash;"51680 Wright Forges
Lake Rebecca, VT 81777";185.0;98.0
97.0;Benjamin Martin;"2185 Sharon Row Suite 978
Underwoodfort, AK 15211";198.0;68.0
60.0;Cynthia Rosales;"630 Yesenia Squares Suite 173
Cookburgh, VI 02951";150.0;94.0
;Tara White;"4050 Miller Prairie
South Ryanton, MD 10653";200.0;100.0
23.0;Chloe Buckley;"002 Dawson Forges Suite 029
North Adrian, ID 56083";185.0;71.0
55.0;;"7130 Roth Dam Apt. 859
Jamesborough, ME 02773";155.0;59.0
40.0;Justin Pitts;"9251 Betty Plains Apt. 724
West Tiffany, ND 78079";168.0;103.0
91.0;Parker Trujillo;"84318 Smith Village Apt. 854
Garymouth, AZ 80794";187.0;
77.0;Christina Mccarthy;"799 Bobby Fork
Lynnmouth, ID 19150";158.0;74.0
27.0;Stephen Arias;"62997 Sharon Route
New Amandabury, DC 31258";166.0;110.0
57.0;William Oneal;"45229 Travis Corners Suite 087
Wendymouth, ME 96877";173.0;109.0
80.0;Wendy Howard;"PSC 9190, Box 7919
APO AP 32526";198.0;
86.0;Sydney Walker;"Unit 7595 Box 9529
DPO AE 49452";179.0;47.0
75.0;Christopher Burnett;"Unit 1221 Box 7110
DPO AP 95134";;101.0
21.0;Travis Moreno;"2667 Mitchell Loaf Apt. 632
East Richardmouth, PW 15033";160.0;67.0
36.0;Randy Henry;"070 Sarah Shoals
Clarkfort, SC 19945";176.0;56.0
56.0;Leslie Anderson;"3270 Jamie Junction Apt. 907
Kingview, AL 49170";154.0;64.0
45.0;Gregory Reyes;"USNS Grimes
FPO AE 18103";183.0;90.0
78.0;Travis Thomas;"6675 Camacho Mount Suite 058
Lake Anthonyfort, CT 00656";157.0;57.0
93.0;Kurt Shaw;"643 Taylor Club
South Chelseaberg, FM 52270";177.0;100.0
26.0;John Hernandez;;186.0;47.0
21.0;Dakota Tucker;"962 Bishop Summit Apt. 547
East Jillian, TX 96639";190.0;94.0
;Frank Estrada;"566 Garcia Manor Apt. 216
West Lawrence, VI 91320";178.0;60.0
57.0;Laura Butler;"10726 James Springs Suite 917
Jasonborough, OK 12400";199.0;75.0
50.0;Brian Tucker;"4463 Michael Street
Lake Antonioberg, ME 69804";184.0;47.0
40.0;Sara Gentry;"75348 Paul Key
West Josephchester, TN 76166";184.0;40.0
61.0;Joseph Trevino;"83978 Edward Fields Apt. 815
East Matthewshire, AK 21921";180.0;96.0
21.0;Dawn Arias;"542 Victoria Fords Suite 214
Roseton, CO 90127";156.0;60.0
;Vincent Gonzalez;"027 Moss Points
Dennisland, AZ 51319";195.0;48.0
25.0;Michael Bradley;"644 Riggs Ways
Tuckerview, MH 40381";196.0;99.0
65.0;Jessica Hart;"94971 Ellis Vista Suite 858
Timothyton, AZ 06235";;
82.0;Natalie Coleman;"66291 Alejandro Creek Apt. 404
North Travisborough, NV 36069";177.0;104.0
95.0;Holly Berry;"44699 Williams Skyway Suite 824
West Zoeburgh, AK 71509";179.0;97.0
36.0;Hannah Nichols;"55229 Dixon Pine
West Aaronshire, IL 17204";182.0;84.0
45.0;Jeffrey Villa;"Unit 4183 Box 3136
DPO AA 87364";160.0;100.0
41.0;Lynn Buck;"06302 Alyssa Lock Apt. 247
East Cherylmouth, IN 23944";179.0;100.0
97.0;Joseph Rogers;"725 Davenport Field Suite 065
Bowmanborough, IA 40744";177.0;93.0
94.0;;"05425 Daniel Extension
Hectorville, VT 09339";170.0;61.0
51.0;Kimberly Reyes;;171.0;96.0
25.0;Christina Guerrero;"165 Daniel Island Suite 459
Meyersport, CA 65016";176.0;69.0
;Madison Lee;"846 Shannon Stream Apt. 411
Samanthaburgh, FM 74666";187.0;52.0
50.0;Kenneth Ashley;"825 Soto Valley Suite 139
Diazburgh, AL 18115";192.0;94.0
33.0;Joy Morrison;;170.0;110.0
41.0;David Henderson;"74211 Mary Bridge
East Juan, TX 08561";;74.0
60.0;Elizabeth Dixon;"70200 Craig Parks
Timothystad, NE 84764";199.0;60.0
56.0;Jeffery Scott;"67729 Mark Well Suite 906
North Madelineville, NH 91045";154.0;80.0
44.0;;"1503 Anderson Summit Suite 967
New Maurice, MO 23076";158.0;110.0
79.0;Christopher Allison;"82573 Michelle Heights Suite 660
South Patricia, DC 58275";161.0;48.0
35.0;Kimberly Wilson;"587 Bass Island
South Tonyaview, NV 41533";;63.0
77.0;Tina Garrett;"225 Mitchell Pines
Port Charlesfurt, VT 17658";174.0;78.0
34.0;William Norman;"5103 Andrew Brooks Suite 419
Evansshire, NE 62084";192.0;89.0
;Beth Rollins;"769 Miller Hollow Suite 373
Port Michaelview, MD 60815";197.0;55.0
96.0;Mackenzie Wilson;"062 Fox Gardens
West Cynthiabury, NE 32789";;89.0
67.0;Deborah Wolf;"USCGC Carey
FPO AA 80508";200.0;75.0
28.0;April Watkins;"57455 Wood Oval Suite 323
New Alexisland, NC 97892";167.0;86.0
64.0;Lawrence Freeman;"299 Alexander Centers
North Davidside, MA 90596";181.0;51.0
92.0;Gwendolyn Hines;"9836 Michael Cape Suite 822
Lake Paulabury, AS 57960";191.0;
97.0;Stephanie Nguyen;"3229 Joseph Passage
Lake Mary, IN 52547";195.0;93.0
78.0;Shannon Baker;"Unit 4395 Box 6613
DPO AA 34335";169.0;66.0
36.0;Laura Carrillo;"484 Taylor Villages Suite 402
Hughesland, AK 71790";177.0;50.0
35.0;Ronald Zuniga;"07343 Frank Spring
Johnsonchester, KY 11797";162.0;80.0
45.0;Brian Erickson;"4156 Carrie Ways
Bryceside, NY 26695";158.0;81.0
83.0;Christopher Norris;"28506 Mark Burgs Apt. 936
East Angelicaborough, AR 18461";171.0;76.0
35.0;;"2144 Stacy Ranch
Karenfurt, TX 70827";151.0;75.0
27.0;Julian Scott;"8556 Mora Squares
West Kaylafort, MP 85421";186.0;89.0
60.0;Christopher Joyce;"PSC 8460, Box 4550
APO AA 74737";162.0;58.0
45.0;Nicholas Fowler;"0528 Cynthia Village Apt. 903
Scotttown, IN 68908";162.0;92.0
87.0;Jason Brown;"00497 April Walks
Manuelton, ME 30338";;104.0
;Jill Smith;;154.0;78.0
61.0;Donna Hendricks;"051 Sandoval Bridge Apt. 695
North Jeremy, VA 17547";156.0;54.0
71.0;David Anderson;"2537 Williams Forges
East William, AK 67537";160.0;41.0
70.0;Sarah Rodriguez;"Unit 2629 Box 6456
DPO AP 40928";179.0;101.0
;Debra Arnold;"703 Nicholas Ford Suite 598
West Mary, NY 44260";199.0;68.0
20.0;Erica Martinez;"03314 Tina Summit
East Andrea, AK 23827";182.0;94.0
;Kimberly Spence;"9516 Johnson Manors Suite 178
Lake James, CO 55559";157.0;
32.0;Emily Alexander;"7296 Eric Gateway
Lake Davidhaven, WV 40564";150.0;57.0
60.0;;"49495 Fernandez Extension
South Anthonyhaven, NE 74339";190.0;40.0
93.0;Kristen Ortiz;"0636 Martin Trace
Owensborough, CA 31862";200.0;53.0
30.0;Phyllis Daniel;"999 Palmer Shores Apt. 831
Hollyfort, GA 09493";154.0;71.0
68.0;Elijah Brown;"1685 Christopher Trace
New Donnaberg, VI 12854";199.0;94.0
54.0;Shelby Haley;;164.0;60.0
77.0;Grant Carroll;"7569 Dominique Prairie
North Jennifer, NH 94703";192.0;78.0
81.0;Tanya Hill;"66257 Curtis Locks Suite 180
Lake Spencer, AZ 21639";;91.0
42.0;Karina Johnson;"696 Turner Stravenue Apt. 180
Reedtown, MT 94476";183.0;44.0
68.0;Amanda Davis;"956 Payne Meadow Apt. 475
Fishershire, VA 07009";152.0;85.0
27.0;Jacob Brady;"0622 Karla Haven Suite 118
Hallport, MN 83342";163.0;110.0
95.0;Daniel Moore;"5394 Nicholas Highway Apt. 604
Margaretside, ID 21234";152.0;106.0
99.0;Jonathan Morris;"30848 Lisa Land
East Vincentville, GA 62338";166.0;96.0
65.0;Thomas Peterson;"60282 Shannon Drive
New Travis, NC 87565";194.0;88.0
71.0;Christopher Bryant;"Unit 9903 Box 9426
DPO AE 82287";155.0;52.0
64.0;Michael Tran;"USS Steele
FPO AP 37786";154.0;79.0
40.0;Jade Simpson;;174.0;53.0
79.0;Eric Johnson;"90858 James Throughway Apt. 065
East Alexanderfort, NE 67959";170.0;97.0
65.0;Stacy Young;;176.0;56.0
;Anthony Cameron;"44320 Janet Cape
Wrighttown, OK 72319";161.0;50.0
70.0;Rachel Anderson;"84169 White Union Suite 256
South Lisaville, KS 98870";187.0;81.0
55.0;John Anthony;"Unit 5595 Box 9839
DPO AE 15914";193.0;51.0
;Luis Long;"13990 Bradley Greens
Ritahaven, KS 40117";;61.0
23.0;Andrea Wang;"Unit 0256 Box 1513
DPO AP 09109";193.0;72.0
21.0;;"4945 Rogers Drives
South Lorifort, IA 81390";155.0;97.0
;Ashley Berg;"55740 Robinson Hills Suite 301
West Diana, VA 26480";150.0;100.0
29.0;Carlos Humphrey;;190.0;100.0
29.0;Gabriel Evans;"4551 Jennifer Lane Suite 469
Skinnerport, AL 39894";176.0;54.0
23.0;Stephen Rodriguez;"74137 Scott Ways
Lake Alex, CT 58308";200.0;103.0
75.0;Christopher Browning;"98133 Regina Ville
South Lorihaven, TN 75607";198.0;45.0
75.0;Michael Nguyen;;171.0;49.0
54.0;Angela Miller;"8261 Morgan Spring Apt. 023
East Michaelburgh, CO 35692";200.0;41.0
100.0;Mary Clark;"03110 Love Isle
West Meganstad, IA 73483";196.0;45.0
44.0;;"380 Logan Knoll
Davidton, IN 97992";192.0;
100.0;Julie Frederick;"20598 Emily Bridge Apt. 209
West Richardland, FM 71804";181.0;50.0
22.0;Emily Diaz;"310 Andrea Orchard
Lake Katherine, NH 26927";153.0;47.0
97.0;;"6486 Joseph Mall
Grahamport, GA 63418";183.0;
64.0;Hannah Hernandez;"92424 Pena Springs
Gutierrezfort, ME 36375";163.0;90.0
79.0;Mark James;"336 Scott Shoal Suite 414
New Christy, MA 73733";173.0;66.0
46.0;Jonathon Morales;;162.0;97.0
76.0;Cynthia Moore;"66216 Reese Wall
Evelynchester, AR 55887";160.0;106.0
47.0;Mark Jones;;182.0;75.0
;Kathryn Wagner;"968 Burns Lodge Apt. 024
Port Emily, TX 07079";180.0;79.0
86.0;Keith Gibbs;"55119 Crystal Mills
Jasonhaven, NM 13154";151.0;90.0
35.0;Mary Thompson;"5170 Omar Crossing
Meyerbury, CT 22931";173.0;103.0
26.0;Gilbert Ortiz;;193.0;106.0
95.0;Joshua Burton;"722 Adam Island Suite 644
Port Nicole, DC 40664";;46.0
54.0;Donna Bates;"79374 Bobby Meadow
Oliviaborough, IA 64100";167.0;107.0
77.0;Andrea White;"904 Braun Dam Suite 832
Hallhaven, NE 17781";186.0;51.0
53.0;Pamela Harris;"USCGC Leonard
FPO AA 61005";171.0;58.0
57.0;Melanie Mann;"885 Sherman Mountain
Patrickhaven, NV 13354";;67.0
;Ronald Mclaughlin;"6976 Danielle Plaza Apt. 448
Lake Gabrielchester, FM 36898";155.0;53.0
32.0;Kurt Weeks;"917 Phillip Views Apt. 332
Cameronbury, RI 92079";;101.0
70.0;Stephen Johnston;"00582 Cooper Springs
Deniseview, MS 18443";183.0;97.0
32.0;Katie Guzman;"391 Freeman Hollow Suite 236
Port Donna, FM 61131";159.0;109.0
35.0;Brittany Hammond;;164.0;
97.0;Benjamin Hodge;"47970 Morales Views Suite 250
Andrewborough, MN 38606";169.0;55.0
;Ryan Harris;"1998 Oconnor Plaza Suite 977
Breannabury, MH 81359";199.0;99.0
99.0;Scott Rich;"Unit 9430 Box 7367
DPO AP 78820";156.0;105.0
51.0;James Davidson;"493 Williams Roads Apt. 462
New Sheila, GU 34895";;56.0
99.0;Deborah Anderson;"9908 Daniels Road Suite 459
Michaelhaven, GU 98676";167.0;110.0
30.0;Trevor Mueller;"07937 Megan Pike Suite 809
Port Julie, WI 98092";168.0;100.0
;Caroline Scott;"659 Rojas Trace
Rowlandshire, IA 24727";156.0;109.0
97.0;;"PSC 5800, Box 4106
APO AP 93795";170.0;56.0
20.0;Joseph Watkins;"50749 Beard Spring
Bishopbury, TN 64903";183.0;110.0
59.0;Scott Thomas;"850 Michael Plaza
East Colinmouth, OR 02679";160.0;46.0
70.0;Jacob Martinez;"9657 Jamie Canyon
Masseychester, WI 54476";187.0;73.0
42.0;Dana Sandoval;"9709 Joseph Key Apt. 056
Petersonstad, MS 32684";187.0;99.0
89.0;Ana Coleman;"24301 Timothy Cliff
Port Janettown, MH 38488";156.0;65.0
73.0;Vincent Wong;"135 Cole Passage Apt. 936
Brianview, WV 32125";196.0;62.0
31.0;Peggy Brown;"5371 Dixon Lights Suite 968
Lake Kerriview, PA 48827";152.0;95.0
79.0;Jonathon Marshall;;157.0;104.0
74.0;Terrence Ryan;"43991 Clark Burgs
South Kayla, DC 74373";176.0;69.0
;;"295 Craig Lodge
South Hannah, VI 42781";190.0;82.0
69.0;Michael Miller;"62381 Cooper Land Apt. 176
Lisabury, FL 54562";153.0;
;Patrick Smith;"2135 Miller Curve Apt. 947
North Tracyshire, SC 69177";150.0;88.0
68.0;Diana Wright;"Unit 9646 Box 2580
DPO AP 18114";164.0;61.0
61.0;Cynthia Johnston;;179.0;57.0
26.0;Steven Callahan;;180.0;62.0
;Paul Williams;"074 Charles Meadows
Knightchester, SC 26144";188.0;57.0
31.0;Robert Miller;"55936 Thompson Lakes
Mariastad, NM 10029";150.0;59.0
59.0;Jennifer Arnold;"PSC 4746, Box 9546
APO AP 51287";191.0;
84.0;Eugene Griffith;"731 Michael Gardens
Port Brenda, VT 80265";;82.0
37.0;Jose Baker;"262 Mary River
South Diane, MS 91535";152.0;58.0
21.0;Kathryn Vaughn;"898 Patricia Canyon Apt. 332
South Erica, VT 66608";168.0;94.0
88.0;Stephanie Bennett;"654 Gordon Neck Suite 175
New Jill, TX 99734";154.0;86.0
21.0;Patricia Martinez;"670 Davis Common
Nicoleton, NV 84869";197.0;91.0
77.0;;"USNS Proctor
FPO AA 59247";;76.0
28.0;Lisa Robinson;"46177 Gary Turnpike
Lucasport, UT 29666";155.0;94.0
36.0;Andrew Wiley;"8227 Jacqueline Squares
Ruthberg, ME 06069";178.0;84.0
66.0;;"PSC 6397, Box 2758
APO AE 75249";177.0;
42.0;;"478 Jamie Harbor Apt. 025
Teresaborough, RI 78847";190.0;83.0
58.0;;"5460 Myers Stravenue Apt. 710
Harrisstad, IA 01103";172.0;68.0
30.0;Bradley Thomas;"634 Melissa Flats
East Cynthiaville, AL 14419";192.0;105.0
23.0;Jessica Robinson;;168.0;70.0
96.0;Dawn Jackson;"3891 Miller Court
East Jacqueline, MD 58643";161.0;79.0
;Erin Jacobs;"878 Brewer Port
Coreytown, WI 48279";175.0;88.0
71.0;Bryan Thompson;"PSC 3111, Box 4351
APO AE 76646";191.0;63.0
39.0;Victoria Barrett;"Unit 8421 Box 7854
DPO AP 90707";152.0;58.0
;Sarah Stephens;"428 Marissa Key Apt. 518
Cohenport, GA 48150";150.0;81.0
89.0;Joshua Ford;"02986 Jason Springs Suite 284
Port Patricia, MN 41392";173.0;66.0
68.0;Cory Mccormick;"77799 Deborah Spur
West Lorettamouth, GA 27815";158.0;79.0
39.0;Leslie Williams;"6447 Olson Lane Suite 066
North Steven, CO 32297";155.0;70.0
34.0;Holly Nelson;"21083 White Parks Apt. 466
Port Brianna, DC 28066";196.0;87.0
83.0;Robert Savage;;159.0;
68.0;Natalie Townsend;"PSC 0242, Box 9068
APO AA 97206";191.0;83.0
59.0;;"PSC 3105, Box 8065
APO AA 34612";183.0;51.0
71.0;Anthony Holt;"73933 Brown Unions
Lake Catherine, OR 97054";;107.0
79.0;Lindsey Wise;"PSC 8594, Box 8118
APO AE 19619";173.0;
40.0;Amy Mcmahon;"0891 Young Roads Suite 502
North Tammy, AZ 58818";188.0;99.0
;Kayla Hanson;"Unit 1797 Box 9665
DPO AA 64883";190.0;57.0
66.0;Bryan Blankenship;"2290 Richards Heights
Johnsonland, MI 34678";181.0;58.0
50.0;Karen Smith;;188.0;74.0
37.0;Brooke Brown;"873 John Mall Apt. 817
Vegaton, PR 54683";181.0;109.0
74.0;Melissa Stewart;"8813 Collins Shore
South Mitchell, MH 57679";200.0;88.0
67.0;Brian Morris;"8515 Mia View
Heidishire, AK 65547";195.0;101.0
35.0;Micheal Parker;"835 Todd Gateway Apt. 204
West Christophermouth, KS 33337";186.0;62.0
25.0;Eddie Jordan;"60769 Richard Gardens
Jacksonhaven, SD 13694";;85.0
61.0;Cassandra Parks;"137 King Village
New Patriciafurt, OK 57074";191.0;51.0
68.0;;"PSC 9461, Box 2103
APO AP 36507";183.0;
79.0;Timothy Hall;"510 Byrd Ramp
North Christopher, WI 67772";163.0;87.0
23.0;Amanda Alvarez;"82583 Murillo Island
East Brandontown, IN 58972";161.0;50.0
44.0;Michael Savage;"063 Garrett Well Apt. 429
West Sheri, ID 40126";198.0;55.0
49.0;Karen Pena;"Unit 9455 Box 1966
DPO AA 24689";167.0;110.0
90.0;Nancy Waters;"845 Stanley Dam
Derekville, AR 52043";152.0;107.0
33.0;Samantha Krueger;"9559 Desiree Cove
Christinemouth, CO 89336";167.0;73.0
;Virginia Martin;"950 Young Plains
South Richard, NM 85531";154.0;84.0
64.0;Kathleen Roach;"33408 Jackson Fields
Barnesshire, GU 84273";177.0;85.0
89.0;Melissa Sherman;"76521 Hudson Motorway
South David, UT 45418";196.0;109.0
50.0;David Brown;"616 Kristina Mountain Apt. 606
North Lisamouth, MA 70968";;103.0
70.0;Paul Frank;"2338 Debra Forks Apt. 301
North Tinafort, IN 44763";187.0;41.0
;;"4504 Jones Trail
Kyleburgh, IN 44160";;54.0
38.0;Brandy Sherman;"18820 Thompson Estates
Nicolechester, OR 57729";199.0;81.0
27.0;Vicki Smith;"27289 Rachel Pines
Silvaburgh, MA 94685";189.0;84.0
27.0;Tyler Richardson;"190 Troy Pine Apt. 403
Jacobsville, OH 82462";163.0;
82.0;Hayley Buck;"9044 Thompson Roads Suite 706
Bradleyshire, CT 74000";177.0;95.0
87.0;Eric Thomas;"5453 Beth River Suite 524
New Matthewfort, MN 21069";192.0;101.0
51.0;Ray Baxter;"311 Kelley Crossroad
South Benjamin, MH 56382";194.0;53.0
28.0;Brenda Small;"35575 Bruce Port
South Donaldmouth, MH 70353";176.0;102.0
;Sheryl Schwartz;;176.0;87.0
25.0;Anthony White;"2981 Mckee Point
Nguyenmouth, GU 04395";159.0;
22.0;Emily Taylor;"Unit 4721 Box 2939
DPO AE 71909";169.0;79.0
74.0;Logan Coleman;"3749 Lynn Court Apt. 452
New Abigail, OK 37384";163.0;
49.0;Kelli Valencia;"24691 Jennifer Parkway
Port Sandra, AL 77031";166.0;41.0
51.0;Veronica Barnes;"506 Stephanie Grove
Garciamouth, VT 70356";169.0;91.0
68.0;Scott Proctor;;172.0;90.0
79.0;Thomas Gray;"4344 Garcia Ports
North Amberberg, ME 53595";181.0;62.0
40.0;Erica Thomas;"PSC 8512, Box 8718
APO AE 21221";;103.0
26.0;Antonio Black;"935 Simmons Valley
Houstonhaven, NY 57603";192.0;68.0
82.0;Bryan Crawford;"1335 Anderson Walk Suite 167
Port Adamhaven, NJ 79034";160.0;96.0
58.0;Mckenzie Harris;"2290 Bates Terrace
West Dawn, WA 86549";195.0;78.0
72.0;Jessica Fisher;"1024 Bryant Causeway
Jerryton, OR 00753";176.0;48.0
26.0;Mike Baldwin;"87952 Hernandez Camp Apt. 841
Lake Geraldville, ME 83258";;41.0
63.0;Jessica Stone;"861 Joseph Isle Apt. 048
Hallmouth, MI 79561";189.0;
74.0;Dylan Haley;"754 Leslie Loop
Stephanieburgh, MO 44761";;97.0
82.0;Sherry Smith;"39043 John Loop Suite 843
Rebeccafurt, UT 74046";164.0;45.0
52.0;Danielle Oneal;"8530 Miller Mills Apt. 167
North Cherylborough, MO 83897";174.0;
41.0;Kimberly Mason;"13889 Welch Valley
West Marciaburgh, MN 50006";177.0;108.0
38.0;Michelle Bailey;"1861 Spencer Field
Blankenshiphaven, KY 37997";150.0;84.0
68.0;Spencer Miller;"928 Calhoun Roads
East Brittany, NY 86410";198.0;54.0
43.0;Christina Martin;"2446 Meghan Cliff Suite 025
East Markmouth, VA 20868";197.0;58.0
93.0;Anita Smith;"9340 Stephen Crest
Christopherview, NV 01121";159.0;100.0
90.0;Kevin Nelson;;178.0;66.0
75.0;Ian Lane;;188.0;94.0
39.0;Russell Franco;"9012 David Parkways Apt. 885
Jordanborough, WA 10544";195.0;61.0
32.0;Kelsey Vega;"585 Lopez Square Apt. 023
West Steven, CO 51769";167.0;109.0
;;"9671 Michael Alley
North Gregoryview, MP 97006";175.0;58.0
71.0;Sandra Logan;"84787 Anthony Ridge Suite 007
North Nicholasfurt, MH 77388";;62.0
42.0;Gina Smith;"04145 Olivia Hill
Susanport, TX 45602";195.0;71.0
;Meredith Reynolds;"18235 Dixon Gardens
Barberfurt, RI 23102";172.0;48.0
62.0;Cody Nunez;"0600 Lewis Highway Apt. 165
Bryantshire, MO 84644";196.0;57.0
21.0;Margaret Payne;"8623 Thomas Locks
Cookshire, PW 28167";175.0;81.0
38.0;Mary Rodriguez;"54978 Kim Isle
East Cynthiaton, TX 94655";173.0;87.0
47.0;Glenda Allen;"1119 Justin Roads
Lake Stephanie, NV 76417";198.0;96.0
42.0;Jacob Martin;"USNV Allen
FPO AA 29495";167.0;82.0
98.0;Joshua Taylor;"347 Anthony Bypass Suite 165
Davisfurt, FM 85055";187.0;97.0
88.0;;"Unit 6861 Box 9182
DPO AE 50653";175.0;89.0
95.0;Savannah Gomez;"860 Sandra Brooks
South Karen, FL 84079";175.0;94.0
92.0;;"592 Jacob Burg
Port Gabriel, CA 09195";192.0;88.0
94.0;Sherri Ochoa;"46942 Diaz Views
East Mark, AK 53328";159.0;93.0
71.0;William Kane;"USNS Hurley
FPO AP 19085";180.0;78.0
27.0;Aaron Young;"573 Christopher Mountains Suite 694
South Travis, WA 84212";193.0;108.0
50.0;;"966 Conway Trail Apt. 511
Reidport, MN 28741";188.0;99.0
80.0;Lawrence Friedman;"926 Charles Field Apt. 739
Batesstad, MD 06944";196.0;103.0
65.0;;"5634 Byrd Pass Apt. 166
Payneton, MO 03384";173.0;104.0
38.0;;;172.0;69.0
;David Marquez;"PSC 4208, Box 3944
APO AP 46245";179.0;57.0
73.0;Gabrielle Willis;"9148 Amber Via
North Rachelbury, VA 60207";200.0;102.0
69.0;;"52784 Hannah Bridge Apt. 540
Port Carlastad, MS 65230";196.0;73.0
60.0;Gary Jarvis;;165.0;80.0
81.0;Pamela Weeks;"8224 Matthews Roads Suite 035
East Tracyland, CO 77557";158.0;60.0
92.0;Kayla Johnson;"343 Scott Way Suite 067
Port James, GU 12951";194.0;79.0
99.0;Cassidy Kelley;"PSC 8853, Box 0887
APO AA 81531";164.0;85.0
24.0;Derek Baker;"9913 Amanda Landing
North Terrytown, MN 48845";196.0;67.0
55.0;Christopher Henry;"296 Thornton Street Suite 380
South Molly, ND 94937";183.0;64.0
92.0;Leslie Griffin;;186.0;61.0
20.0;Casey Bailey;"630 Peterson Junctions Suite 907
Masonhaven, NM 57621";162.0;89.0
55.0;Joshua Hernandez;"01802 Sanders Stravenue Suite 368
Evanborough, TX 06497";;69.0
41.0;Steven Martinez;"01946 Jennifer Motorway Suite 380
South Dillonbury, CO 52949";169.0;78.0
;;"0753 Espinoza Knolls
Lake Karenbury, MN 08869";172.0;57.0
;Nathan Gallegos;"30633 Patty Camp
Patriciaview, PA 55176";193.0;110.0
24.0;;;198.0;41.0
;Jacqueline Marshall;"78414 Young Bypass Suite 782
Richardsonbury, LA 69561";195.0;46.0
76.0;Mark Kelly;"Unit 9858 Box 8022
DPO AP 82971";159.0;64.0
89.0;;"USS Kelley
FPO AE 80753";182.0;44.0
36.0;Jeremy Campbell;"0061 Melissa Isle
West Sierrastad, WA 48623";196.0;97.0
70.0;;"96131 Betty Ferry Apt. 100
Leestad, NE 99819";161.0;61.0
35.0;Jose Henderson;"12797 King Common
Mathewsport, MA 60659";193.0;67.0
52.0;Randy Williams;"1130 Green Neck Apt. 968
East Johnchester, MH 13919";;86.0
65.0;Olivia Robinson;"8554 Maria Hollow
Loristad, AZ 64863";170.0;92.0
89.0;Selena Mitchell;"87013 Jordan Corner
Johnsonville, NY 52627";;101.0
87.0;Heather Gallegos;"9870 Anna Trace
Hoffmanmouth, SD 56367";185.0;65.0
63.0;Henry Brown;"6015 Fisher Land Suite 132
Port Bradleyfurt, PW 29438";182.0;75.0
72.0;Alyssa Rojas;;200.0;
98.0;Robyn Perez;"17259 Contreras Track
Henrychester, OH 03258";193.0;71.0
80.0;Lydia Diaz;"90794 Cameron Green
Emilychester, GU 72371";200.0;99.0
50.0;Kimberly Bush;"28040 Roberts Glen
Hawkinsstad, WI 31921";164.0;68.0
66.0;Gary Jones;"30071 Morris Club Suite 662
North Susan, AR 99170";198.0;76.0
89.0;David Morris;"40465 Ramos Ways Apt. 136
North Davidville, AK 81629";182.0;102.0
;David Franklin;"114 Alyssa Passage
New Thomaston, TX 82698";192.0;69.0
46.0;Diane Harding;"578 Debra Lane Suite 186
Lake Williamfurt, OK 13539";187.0;55.0
66.0;Marcus Gibson;"3642 Rivera Wall Suite 859
West Christinehaven, PR 32034";197.0;
60.0;William Thomas;;184.0;42.0
90.0;Pamela Rivers;"7360 Hughes Course
Danielberg, SD 11576";184.0;58.0
60.0;;"0887 Lopez Squares Suite 573
New Timothy, DE 57371";161.0;82.0
92.0;;"654 Williamson Key
Gordonfurt, NC 31373";174.0;
61.0;Jessica Brown;"00043 Mullins Plains Apt. 642
Johnburgh, NH 03701";;107.0
80.0;Vanessa Mueller;"3185 Smith Locks
Valerieton, NV 03154";180.0;59.0
67.0;Christopher Craig;;150.0;64.0
48.0;Seth Hoover;"794 Thomas Islands Suite 018
Victoriaborough, WI 90523";160.0;41.0
42.0;Roy Murphy;"6622 Li Dale Suite 465
North Joannaberg, CO 98813";174.0;44.0
87.0;Aaron Jordan;"USNV Johnson
FPO AP 35560";192.0;72.0
53.0;Keith Ross;"22555 Tanner Roads
East Karen, GA 89676";189.0;56.0
97.0;Andrea James;"66992 Edward Shoal Suite 531
Taylorshire, UT 22467";174.0;82.0
99.0;David Edwards;;164.0;50.0
28.0;Alyssa Green;"5849 Joseph Branch
Port Victoriafurt, MP 18607";195.0;68.0
52.0;Laura Jones;"28118 Ashley Shore Apt. 022
North Lisa, VT 93257";166.0;110.0
53.0;Andrea Alvarez;"88202 Allen Viaduct
East Jessicaland, MI 90265";179.0;63.0
;Erica Stanton;"865 Mills Plains Apt. 170
Amandaside, ND 18429";157.0;
39.0;Natasha Green;"682 Angel Flat
North Kellyland, AK 27537";;72.0
59.0;Jeremy Smith;"97805 Massey Ways Apt. 831
Port Kristinefurt, PW 25267";175.0;42.0
;Wendy Washington;;195.0;65.0
34.0;David Ingram;"USCGC Thomas
FPO AP 43609";;58.0
75.0;;"27695 Yang Forge Suite 174
Lauramouth, TN 20350";181.0;106.0
80.0;Jeremy Estrada;"4588 Turner Manor
Alexisbury, NJ 17689";183.0;51.0
31.0;Miguel Blanchard;"51715 Rivera Spur Apt. 063
Toddstad, OR 50568";155.0;56.0
;David Ford;"4083 Jones Route
East Mark, ME 76994";177.0;93.0
69.0;Heidi Sellers;"208 Mosley Wells
Wendybury, AK 07648";164.0;71.0
69.0;Jamie Turner;"USCGC Young
FPO AP 99445";167.0;103.0
78.0;Rebecca Cole;"749 Scott Burgs
Williammouth, GU 47924";193.0;106.0
24.0;;"81439 Andrew Flat
Port Mathew, OK 69848";195.0;89.0
