Wiek,Adres,Wzrost,Waga,ImiÄ™,Nazwisko,BMI
23,"463 Lewis Lake Hernandezfurt, WV 74504",174,61,Shawn,Levine,20.15
100,"21225 Parks Ranch Sierrahaven, AR 69912",168,62,Jeffery,Davis,21.97
28,USS Erickson FPO AA 54153,174,60,Angela,Potter,19.82
30,"91528 Ballard Falls Apt. 779 East Gregory, SD 83020",170,81,Jacob,Daugherty,28.03
99,"3582 Tracy Lakes New Shelly, WY 32429",179,85,Zachary,Watson,26.53
25,"9862 Bond Wells Apt. 076 North Lisa, MH 88482",198,83,Megan,Hayes,21.17
66,Unit 8606 Box 6609 DPO AA 33370,174,47,Brittney,Nelson,15.52
61,"02180 Keith Point Apt. 709 Ronaldbury, FM 14749",163,106,Amy,Fisher,39.9
51,"86965 Nunez Locks Jessicatown, IN 23405",158,54,Alicia,Macias,21.63
61,"94248 Gonzalez Row Port Scott, NE 08333",155,90,Douglas,White,37.46
44,"158 Gonzales Squares East Phyllis, ND 66537",174,65,David,Pierce,21.47
48,"0421 Lee Hollow Apt. 855 Danielport, AZ 31993",174,66,Kayla,Welch,21.8
61,"5814 Brewer River Suite 192 Murphyberg, MT 38717",166,103,Amy,Zimmerman,37.38
46,"7774 Brooks Street Lake Haleybury, RI 94093",189,44,David,Lopez,12.32
41,"24038 Brown Skyway Suite 294 Fordburgh, TX 46569",174,50,Stephanie,Lawrence,16.51
37,"767 Anthony Rapid North Taylorland, VT 62023",180,76,Emily,Taylor,23.46
80,"95692 Lozano Drive Port Alexandermouth, IL 42375",164,64,Rebecca,Alvarez,23.8
61,"720 Dawson Mews New Candacemouth, ND 86079",183,74,Jeffrey,Benitez,22.1
47,"783 Morgan Key Suite 651 Burkefurt, HI 77868",175,52,Thomas,Snyder,16.98
64,"6012 Melissa Mall Suite 966 Hodgesburgh, ME 54946",200,80,David,Price,20.0
32,"324 Michael Row Suite 341 Dianemouth, CT 52791",174,110,Lynn,Graves,36.33
80,"963 Allen Flats Suite 290 North Alexandraview, MT 40302",169,57,Ryan,Ramirez,19.96
66,"06112 Baldwin Wells Suite 324 Torresbury, DC 92073",177,55,Christopher,Neal,17.56
74,USCGC Delgado FPO AP 28667,170,65,Shane,Velez,22.49
61,"67165 Ellis Turnpike Oconnellborough, NY 28606",173,93,William,Ortiz,31.07
33,"22595 Alicia Fork Mcculloughtown, TX 87678",168,58,Amy,Black,20.55
56,"6597 Amy Forest Lindsaymouth, OK 46130",188,51,Kevin,Rodriguez,14.43
21,"593 Reed Junction Kimberlyberg, DC 43555",162,50,David,Caldwell,19.05
30,"2251 Rebekah Street Apt. 458 South Catherineport, HI 16715",200,62,Nicole,Kim,15.5
69,USCGC Phillips FPO AA 31128,191,75,Christine,Branch,20.56
61,"68580 Thomas Club Apt. 834 Ashleymouth, NM 89064",178,58,Larry,Sheppard,18.31
66,"3607 Barbara Ridges Rachelstad, RI 66193",199,78,Nathan,Hooper,19.7
63,"73927 Shaw Flats Apt. 978 West Samantha, NV 48873",191,49,Latasha,Flynn,13.43
31,"2499 Jones Plains New Lisamouth, WA 87854",178,97,Charles,Good,30.61
53,"4382 Ryan Well Suite 969 Matthewmouth, NC 03795",173,60,David,Rowe,20.05
31,"735 Sheppard Turnpike Apt. 176 West Justinborough, WY 73484",191,87,Robert,Jenkins,23.85
87,"89656 Natalie Lodge Suite 832 Port Destiny, WA 83260",190,85,Ruben,Duncan,23.55
20,"42567 Young Locks Amberport, CT 79708",156,59,Shannon,Brown,24.24
36,USS Russo FPO AP 51274,194,67,Darius,Boone,17.8
48,"3478 Jennifer Vista Suite 662 North Joanna, WI 98605",197,81,Colleen,West,20.87
34,"143 Jennifer Ranch Chelseaberg, AK 12000",179,56,Jessica,King,17.48
76,"93657 Allen Flat Sanchezfurt, NV 46419",160,51,Kristina,Clark,19.92
99,"560 Clark Harbors Apt. 953 Nashmouth, GA 84950",172,84,David,Holmes,28.39
91,"2833 Ashley Cape East Charles, PW 34783",189,88,Emily,Martinez,24.64
56,"7409 Hardin Orchard Murphyland, DC 91745",177,74,Collin,Martinez,23.62
80,"234 Henry Inlet South Jordantown, WY 09702",169,70,Stacie,Davenport,24.51
61,"1399 Jeremy Locks Suite 677 West Peter, NH 93065",151,71,Kurt,Miller,31.14
39,"793 Brown Trail Apt. 534 Shaneview, WA 65009",166,91,Brandi,Swanson,33.02
57,"125 Michael Ways North Jessicaton, MI 83177",153,71,Melissa,Rodriguez,30.33
54,"4749 Amanda Port Suite 410 East Briannaburgh, NE 80716",162,41,Julie,Villanueva,15.62
89,"166 Perez Dale North Kaitlintown, DE 17193",156,74,Cynthia,King,30.41
61,"444 Rhonda Lake Suite 312 Lake Anthonyberg, IL 61617",174,85,Ashley,West,28.08
66,"545 Jodi Mission Apt. 630 West Joeborough, AR 67004",166,61,William,Baker,22.14
32,"112 Johnson Port Lake Nathan, KY 73639",162,61,Katherine,Davis,23.24
81,"8903 Bolton Heights Suite 361 Williamsbury, IN 93988",159,68,John,Salazar,26.9
68,"4701 James Land Hamiltonport, CO 70367",193,74,Thomas,Pham,19.87
67,"4704 Young Junctions Suite 918 New Sarahside, NV 69126",170,98,Kathryn,Carter,33.91
46,"3177 Dawson Lock Reedtown, CT 18502",176,74,Justin,Jenkins,23.89
92,USS Berry FPO AE 99396,162,56,Michael,Martinez,21.34
83,"50017 Robbins Burgs Suite 970 Kellyborough, AZ 66364",174,79,Joe,Miller,26.09
42,"58724 Jacqueline Forest Suite 994 West Erikachester, FM 95215",184,65,Charles,Doyle,19.2
29,"175 Nolan Terrace Apt. 721 West Scott, FL 36596",157,94,Barbara,Thompson,38.14
30,"92765 Buckley Stream New Timothyton, AR 84690",152,89,Amy,Crawford,38.52
51,"92764 Oscar Path Alexandrafort, VT 27917",164,106,Diana,Craig,39.41
94,"803 Susan Harbor South Amanda, FL 27473",190,86,Christopher,Thompson,23.82
58,Unit 9777 Box 6548 DPO AE 68604,151,70,Lynn,Freeman,30.7
40,"936 Bell Islands Suite 051 North Marissaborough, WA 88367",180,74,William,Jordan,22.84
30,"98364 Lambert Courts Apt. 366 Figueroaborough, IN 26994",198,40,Kenneth,Lee,10.2
28,"061 Robert Turnpike Suite 977 Hillmouth, CA 54801",181,56,Patrick,Roberts,17.09
61,"64734 Melton Brook South Marcchester, FL 52104",156,74,Nicholas,Garcia,30.41
46,"7768 Simpson Mountains New Ryan, NM 18312",174,108,David,Walker,35.67
97,"9346 Martinez Island Richardhaven, SC 48646",179,98,Alexandra,Jones,30.59
83,"2312 Heather Tunnel Lloydshire, NH 20768",153,60,Angela,Cisneros,25.63
40,"0036 Kevin Loaf Phillipberg, FM 21016",190,43,Lauren,Kennedy,11.91
91,"0295 Barker Centers Jefferybury, PW 58024",199,75,Maria,Lewis,18.94
68,"1411 Stephanie Coves Hamptonshire, MP 81863",159,61,Martha,Chapman,24.13
83,"409 Fisher Mountains New Gregory, SD 90646",196,103,Ronald,Hogan,26.81
49,"291 Lee Rapids Apt. 471 North Josephfurt, WA 63115",174,88,Amanda,Anthony,29.07
89,"5040 Scott Manors Suite 626 South Jeffrey, NC 60409",155,110,Brandon,Warren,45.79
66,"94468 Turner Point Apt. 699 Brownborough, NV 03541",156,73,Troy,Lamb,30.0
61,"8950 Gray Lakes Apt. 020 Craigmouth, UT 65667",198,105,Antonio,Reyes,26.78
76,"46117 Walker Motorway Apt. 874 South Cody, TN 20574",174,95,Amanda,Chapman,31.38
29,"2105 Rivera Isle Lake Josephberg, OK 15872",199,44,Renee,Romero,11.11
31,"01407 Schroeder Village Suite 667 North Christopher, RI 32759",180,62,Jesse,Johnson,19.14
76,"2321 Grant Light Apt. 324 South Lisaburgh, WI 07187",174,91,Nicholas,Reed,30.06
100,"852 Norton Forks Suite 731 Paulmouth, OH 64119",184,110,Troy,King,32.49
84,"0386 Rachel Loaf Apt. 839 Port Davidside, FM 93430",196,53,Kristina,Stevens,13.8
82,"458 Breanna Estate North Jessicabury, FL 98503",174,107,Rebecca,Pham,35.34
45,"772 Patterson Island Alanchester, GU 37734",190,88,Stephen,Campbell,24.38
61,"991 Frost Junction New Kellymouth, ME 89238",158,51,Stacy,Bradford,20.43
28,"53662 Cassandra Prairie Apt. 442 East Jeffrey, PR 06199",174,101,Jennifer,Watkins,33.36
78,"68717 Jennifer Ford Douglastown, AS 08800",174,106,Karen,Knight,35.01
76,"0669 Mitchell Prairie Apt. 361 Rachelbury, PW 99059",156,47,Larry,Levine,19.31
53,"7031 Christopher Islands South Jessica, DC 69991",164,58,John,Bowen,21.56
86,"80214 Haley Field Suite 114 Bakermouth, MP 32462",191,46,Theresa,Cain,12.61
84,"018 Courtney Lock West Steve, WA 30387",167,99,Leah,Robinson,35.5
97,"792 Hammond Glen Apt. 177 Stuartshire, GU 19540",179,49,Christopher,Jones,15.29
61,"2509 Wilson Wells Smithfurt, UT 58170",182,69,Maria,Johnson,20.83
100,"52964 Jared Views Suite 870 Austinhaven, ID 26450",155,45,Cody,Lee,18.73
48,"53379 Adams Centers Charlesville, WV 59064",150,102,Alexandria,Choi,45.33
61,"186 Lopez Junctions Jayhaven, NJ 37216",174,77,Janet,Yang,25.43
61,"594 Michele Forges Apt. 615 East Timothyville, NM 77157",171,57,Lisa,Scott,19.49
78,"6951 Harrington Union Suite 995 Port Teresa, FL 70207",150,74,Alejandra,Smith,32.89
69,"31406 Thompson Islands Suite 198 Port Gabrielamouth, AL 46876",158,95,Amy,Rosales,38.05
46,"057 Luke Hollow Apt. 044 Danielsfort, KS 40636",170,97,Katherine,Lane,33.56
23,"7804 Hendricks Neck Suite 987 Jenniferhaven, ME 75034",183,47,Ryan,Sandoval,14.03
75,"9544 Susan Islands Apt. 254 South Tonyafort, MI 68895",158,74,Jamie,Gibson,29.64
80,"367 Wesley Plaza North Joshuafurt, OH 13131",177,94,David,Hubbard,30.0
83,"1170 Lori Road Apt. 206 Danaville, HI 35373",195,49,Angela,Booker,12.89
57,"3539 Wilson Center Tinafort, TN 73752",171,68,David,Alvarez,23.26
73,"96963 Adam Plains Leonhaven, AS 33414",168,47,Kayla,Wells,16.65
61,"033 Sarah Grove Suite 685 Port Kenneth, AL 74882",177,97,Sandra,Leblanc,30.96
73,"86103 Barbara Ferry Benjaminburgh, TX 05295",177,109,James,Guerrero,34.79
61,"59122 Ashley Burg Apt. 016 East Jerrystad, WV 75970",164,72,Kelly,Owens,26.77
61,"55585 Amy Fall Suite 027 Lake Jennifer, MH 78550",196,74,Meghan,Brown,19.26
64,"0313 Miller Fork Glenntown, HI 63960",186,100,Karina,Dodson,28.91
55,"09900 Melanie Station East Chaseshire, IL 18354",174,55,James,Garcia,18.17
91,"2915 Brown Ridges Angelamouth, CO 04409",178,67,Grant,Shea,21.15
26,"8903 Bolton Heights Suite 361 Williamsbury, IN 93988",178,105,Joseph,Gonzalez,33.14
27,"0744 John Viaduct Suite 244 Jeffreyfurt, NY 21219",175,95,Robert,Walker,31.02
53,"8522 Cooper Glens Paulville, NE 72582",155,74,Glenda,Mcdonald,30.8
89,Unit 2690 Box 3039 DPO AP 81991,153,71,John,Higgins,30.33
51,"15621 Scott Pass South Robertfurt, NY 78478",155,59,Aaron,Casey,24.56
39,"PSC 9381, Box 6012 APO AA 75470",150,78,Vincent,Lucas,34.67
61,"627 Sheila Prairie Suite 363 Laceychester, FL 23319",158,60,Michael,Erickson,24.03
26,"3683 Brian Mountains Apt. 951 Alexanderfurt, LA 94660",189,97,Catherine,Lee,27.15
78,"8387 Green Circle Suite 801 Carlsonside, WA 12914",156,40,Ashley,Jensen,16.44
42,"49876 Campbell Plaza Apt. 920 West Debrahaven, FM 25303",200,80,Amber,Jones,20.0
30,"596 Elliott Spurs Wilsonton, DE 88667",186,74,Donald,Warren,21.39
90,"64862 King Ford Lake Alyssa, VI 47044",169,56,Rhonda,Johnson,19.61
94,"40740 Butler Oval Shermanberg, FL 67882",192,108,Christopher,Henson,29.3
26,USNS Moore FPO AE 83857,167,74,Shirley,Carroll,26.53
84,"46908 Jordan Causeway Andradeport, MP 71674",190,69,Joshua,Parker,19.11
40,"50855 Bethany Via Apt. 269 Michaelfurt, CO 05313",157,79,Cheyenne,Watson,32.05
38,"4049 Bruce Shoals Lake Ernest, CA 51833",188,97,Eddie,Murphy,27.44
95,"PSC 6061, Box 1661 APO AE 31482",165,72,Kelly,Benson,26.45
98,"78000 Lewis Gateway Apt. 871 South Marystad, CT 42196",175,60,Kimberly,Erickson,19.59
43,"40009 Nelson Tunnel Gilbertville, NE 50239",152,74,Darren,Goodwin,32.03
82,"559 Romero Lakes Suite 117 Haleland, PW 21224",174,74,Colleen,Salas,24.44
69,"7805 Wells Cliffs Apt. 270 Phillipshire, MD 83200",191,105,Joshua,Sampson,28.78
94,"PSC 8594, Box 5302 APO AE 62887",195,65,David,Bowman,17.09
63,"1547 Jennifer Points West Anne, IA 05641",179,55,Christina,Espinoza,17.17
40,"43713 Billy Land Port Thomas, CO 28245",185,96,Robin,Pacheco,28.05
71,"8089 William Mountain New Jill, TX 53998",192,40,Valerie,Garcia,10.85
42,"8308 Cruz Roads Donnatown, DC 82897",195,70,Lisa,Chambers,18.41
23,"1509 Moran Ridge Apt. 805 East Connorton, WY 33412",163,41,Robert,Rodriguez,15.43
72,"162 Perkins Plains Coxville, VI 05794",174,74,Karen,Rhodes,24.44
56,"8954 Elizabeth Estate Suite 889 Harrisonborough, HI 80344",174,84,Angela,Gray,27.74
26,"531 Henry Flat Suite 570 Heathertown, PA 79861",151,94,Erin,Martin,41.23
61,"8469 John Points New Lisa, MN 65267",157,102,Paul,Morgan,41.38
97,"655 Richard Way Apt. 749 Lake Ashleyville, DC 72492",183,63,Mary,Thornton,18.81
23,"735 Sheppard Turnpike Apt. 176 West Justinborough, WY 73484",179,50,Laura,Martin,15.61
70,"9335 Evan Ramp Suite 801 Lake Lauraburgh, MN 23195",165,95,William,Miller,34.89
30,"469 Morrison Lane Ryanmouth, HI 71553",170,89,John,French,30.8
29,"815 Mark Villages Suite 141 Markton, AK 61857",171,51,James,Hill,17.44
66,USNV Davila FPO AA 44989,159,79,Jacob,Jones,31.25
54,"649 Christine Brooks South Wandastad, IL 85891",183,92,Megan,Wallace,27.47
76,"62258 James Cape Hillton, MS 79488",167,100,Mike,Dennis,35.86
61,"43806 John Plaza Suite 236 South Donald, NH 81861",165,102,Kathryn,Williams,37.47
70,"43779 Joan Turnpike Apt. 850 New Tracey, IL 63104",174,40,Veronica,Johnson,13.21
32,"371 Peterson Place Suite 495 South Kenneth, WA 85470",172,40,Kimberly,Sanchez,13.52
29,"95692 Lozano Drive Port Alexandermouth, IL 42375",155,62,Michael,Scott,25.81
82,"214 Brett Inlet Apt. 022 Lake Katherine, CT 28556",196,74,Cody,Turner,19.26
27,"20493 Robert Creek Apt. 527 Lake Debbie, ND 00648",183,42,Thomas,Perry,12.54
81,"301 Stephanie Shore Tonymouth, PR 31977",160,50,Brian,Hill,19.53
66,"97827 Joan Coves Port Danielmouth, MT 88555",155,71,Richard,Warner,29.55
80,"26412 Collins Rue Suite 957 South Ryan, NC 18708",174,82,Larry,Haas,27.08
94,"949 Obrien Locks Lake James, PR 89510",151,67,Jasmine,Yang,29.38
48,"28072 Dennis Circles Dennisshire, NV 61473",198,79,Amy,Livingston,20.15
26,"9048 Kimberly Orchard Apt. 300 North Ryan, SC 10331",197,60,Joseph,Russell,15.46
92,"607 Cody Rue Bowerschester, WY 98524",152,72,Debbie,Parsons,31.16
53,USNS Keller FPO AA 76398,169,85,Oscar,Martin,29.76
66,"955 William Point Scotthaven, MI 80710",173,95,Thomas,Morrison,31.74
90,"673 Francisco Crescent Suite 792 Edwardstad, WI 95516",186,87,Erin,Sexton,25.15
66,"90173 Theresa Ranch Suite 989 Christopherview, NM 09181",188,57,Tony,Reyes,16.13
61,"4192 Baker Lane Suite 668 Lawrencefort, GA 11535",186,91,James,Foster,26.3
77,"PSC 0742, Box 3602 APO AP 03837",174,90,Thomas,Shaw,29.73
64,"75559 Anderson Dale Suite 729 Carolfurt, WY 80785",180,49,Lisa,Shannon,15.12
76,"05518 Anderson Fork New Tylermouth, CA 09008",177,57,Sharon,Taylor,18.19
86,"430 Jennifer Key Alisonberg, AR 45841",161,74,Julia,Moore,28.55
100,"9827 Hess Parkway Suite 320 Brownborough, AS 47784",192,91,Jonathan,Singleton,24.69
32,"145 Barrett Isle Karenton, DE 83972",153,74,Hannah,Phillips,31.61
28,"8616 Bryan Dale Suite 813 Lake James, NC 50071",151,49,Mary,Powell,21.49
91,"39411 Terrell Squares Lake Michael, KY 38321",164,41,Patricia,Fuller,15.24
30,USCGC Young FPO AE 65926,158,76,Alexander,Oconnell,30.44
61,"81010 Grant Course Suite 843 Lake Patrick, NV 93347",153,107,Douglas,Davis,45.71
61,"945 Connie Loaf Mosleychester, AS 54618",178,53,Elizabeth,Russo,16.73
81,"448 Stephanie Groves Suite 168 New Rogerbury, PA 92944",161,76,Cheryl,Hughes,29.32
72,"4126 Patrick Canyon Smithside, SD 59399",161,82,Aaron,Singleton,31.63
90,"PSC 4085, Box 7735 APO AA 22568",189,60,Tiffany,Wagner,16.8
61,"4573 Kim Fort Apt. 198 Rodgersfort, FL 79564",154,76,Christopher,Rodriguez,32.05
54,"309 Brandi Curve Cowanfort, TX 63215",181,42,Julie,Marshall,12.82
66,"958 Adams Heights Apt. 715 Johnstonland, NM 65762",176,67,Teresa,Key,21.63
85,"0836 Michelle Hill Apt. 457 South Cynthiafurt, AZ 92826",194,61,Cory,Bauer,16.21
47,"653 Kyle Oval Davidchester, FL 21126",174,99,Jack,Norris,32.7
52,"409 Medina Centers Suite 833 North Jessica, WA 76133",154,50,Leah,Singh,21.08
65,"7878 Charles Garden Suite 136 Michaelview, RI 90934",163,89,Lindsay,Wilson,33.5
54,"589 Morrison Locks Suite 663 New Laurenfort, VI 76364",163,46,Emily,Clark,17.31
76,"PSC 4438, Box 7348 APO AP 25776",158,88,Adrienne,Mcdonald,35.25
53,"6111 Tran Shore Suite 758 Barryberg, ME 41399",166,60,Victoria,Riley,21.77
76,"21986 Martinez Bypass Apt. 127 North Douglasbury, NM 71369",197,42,Laura,Erickson,10.82
63,"36754 Timothy Port South Kyletown, PR 21789",180,63,Monica,Armstrong,19.44
54,"63993 Cassandra Branch West Bernardport, WI 32956",173,56,Amy,Singleton,18.71
61,"PSC 4438, Box 7348 APO AP 25776",160,54,Walter,Thomas,21.09
61,"612 Joann Locks Suite 911 South Seth, VI 54712",173,106,Jose,Hill,35.42
70,"899 Price Ports Ianchester, KS 07909",158,74,Austin,Spencer,29.64
78,"6457 Harris Manors Angelaville, WI 67688",157,71,Joseph,Walters,28.8
55,"46965 Reid Gardens Apt. 848 Pughside, AZ 97924",185,69,Timothy,Cortez,20.16
52,"34608 Joseph Courts New Richard, WA 91181",187,80,Valerie,Sanford,22.88
43,"612 Alvarez Burg Coleborough, MP 52627",172,83,Jennifer,Phillips,28.06
37,"2401 Shannon Stravenue Apt. 411 Theresatown, AL 05921",186,49,Michelle,Morris,14.16
49,"20574 Clark Gardens Hernandezland, VT 35968",199,103,Zachary,Pruitt,26.01
20,"1416 Taylor Courts New Stephen, IL 76860",157,52,Carla,York,21.1
32,"0936 Duane Road Rodgershaven, IN 60631",166,95,Autumn,Harrison,34.48
60,"7083 Alex Roads Apt. 462 Elizabethborough, PR 97390",197,63,Morgan,Eaton,16.23
61,"5095 Ryan Pass Port Mary, CO 21511",175,41,Hunter,Barajas,13.39
46,"63001 Wang Locks Kellyport, OK 03514",174,104,Todd,Young,34.35
21,"928 Hudson Crescent Michaelberg, TX 73106",188,91,Kathryn,Shea,25.75
71,"984 Roberts Squares East Heathermouth, VT 99088",173,105,Theresa,Wagner,35.08
70,"3044 Angela Roads Apt. 830 Charlesborough, WV 70044",174,74,Jacqueline,Robinson,24.44
61,"4324 Sonia Light Lindabury, WY 13704",191,102,Cody,Todd,27.96
54,"PSC 4296, Box 9593 APO AP 99914",162,84,Jay,Garrett,32.01
38,"48751 Tara Forks Suite 786 Donaldsonport, WA 93425",154,40,Elizabeth,Wilson,16.87
80,USNS Moore FPO AE 83857,155,47,Timothy,Joseph,19.56
61,"84536 Mario Field Deborahbury, ND 71049",190,79,Martha,Johnson,21.88
75,"717 Danny Port Apt. 459 South Jason, MN 81019",170,63,Chad,Walker,21.8
38,"899 Price Ports Ianchester, KS 07909",162,74,Tonya,Stewart,28.2
49,"58316 Stone Lane Port William, KY 29476",199,72,Leslie,Hanson,18.18
96,"94374 Patterson Summit Heatherhaven, MO 49340",182,48,Cynthia,Brown,14.49
96,"581 Daniel Street New Brandy, PW 77246",178,62,Samantha,Buckley,19.57
89,"36880 Villegas Stream Apt. 129 Davidview, RI 70282",155,51,Jorge,Castaneda,21.23
46,"4020 Bethany Ports Suite 015 Nancytown, ND 30958",168,99,Cynthia,Jones,35.08
80,"224 Theresa Lights South Codyside, WY 89689",166,96,Anna,Morris,34.84
42,"448 Ryan Courts Lake Ryanton, AZ 66346",196,41,Dawn,Cardenas,10.67
63,"269 Morris Vista Apt. 853 Harveymouth, ID 55242",150,44,Catherine,Daniel,19.56
61,"555 Fletcher Station Apt. 470 Port Lindafort, NV 92462",165,97,Steven,Lee,35.63
83,"52282 Peterson Camp Foxmouth, PR 19256",165,59,Gilbert,Morrison,21.67
98,"112 Amy Creek East Mark, TX 61559",167,94,Ryan,Smith,33.71
61,"PSC 1224, Box 5213 APO AP 45932",198,74,Brenda,Nguyen,18.88
61,"398 Matthew Flat Suite 617 Daviston, FM 79156",197,66,John,Allen,17.01
70,"56569 Ryan Summit Apt. 641 East Linda, MD 33072",183,74,Michael,Hubbard,22.1
56,"936 Victoria Hill Suite 791 Lake Erin, KY 80857",153,86,Whitney,Shepard,36.74
73,"6819 Christensen Drive Henryville, CA 77892",187,102,Shawn,Gonzales,29.17
61,"PSC 8538, Box 0079 APO AA 85404",180,63,Steven,Holmes,19.44
24,"8058 Moore Harbor Apt. 713 Brendaborough, MI 08328",164,47,Brent,Soto,17.47
38,"2935 Linda Trail Maldonadomouth, DC 76942",187,107,William,Cisneros,30.6
53,USNV Rodgers FPO AP 34043,151,110,Christina,Campbell,48.24
77,"0817 Raymond Locks New Jennifer, TN 63490",189,73,Carol,Lane,20.44
62,"4258 Margaret Rest Suite 510 Gilbertmouth, UT 74074",159,47,Amy,Vaughn,18.59
70,"29106 Edward Forges Apt. 987 North Jerrymouth, MT 66549",181,79,Sara,Roberts,24.11
82,"008 Adam Trafficway Bradleyburgh, CO 41388",159,74,Samantha,Bradley,29.27
24,"6771 Robles Mountain Suite 015 Sandovalton, WA 90915",150,96,Elaine,Miller,42.67
85,"240 Weiss Plaza Suite 407 Gregorymouth, WA 11208",159,87,David,Huang,34.41
61,"3775 Travis Cliffs Apt. 742 Susanbury, LA 82006",153,43,Samantha,Mccullough,18.37
99,"948 Cheryl Squares Arthurside, ME 61779",171,71,John,Lindsey,24.28
61,"PSC 9363, Box 1070 APO AA 22870",159,86,Candace,Ramsey,34.02
61,"07221 Evans Mills Port Phillipburgh, NY 61309",160,69,David,Herrera,26.95
73,USNS Morales FPO AP 29344,155,99,Shawn,Harris,41.21
61,"35648 Clark Walk Suite 337 Morastad, AS 72841",169,57,Jimmy,Roberts,19.96
61,"6818 Benjamin Mill Kennethmouth, GU 90111",189,98,Charles,Miller,27.43
65,"35313 Hunter Burg Heatherberg, AZ 13072",189,109,Daniel,King,30.51
46,"14535 Dennis Island Apt. 455 New Alyssa, MA 77209",200,87,Martha,Porter,21.75
28,"31030 Robert Flat Apt. 650 Greenburgh, CO 33425",176,78,William,Johnson,25.18
58,"339 Bennett Landing Brianmouth, VI 70259",165,69,Mark,Collins,25.34
25,"11845 William Curve Suite 296 Patrickchester, LA 63413",188,77,Anthony,Schneider,21.79
46,"7768 Simpson Mountains New Ryan, NM 18312",183,74,Emily,Harvey,22.1
61,"555 Paul Causeway Port Erikmouth, IL 96243",184,88,Andrew,Sanders,25.99
99,"9362 Bush Oval Suite 770 Port Alexandraberg, WV 37416",190,60,Sara,Stevens,16.62
51,"39921 Craig Crest Taylormouth, AS 88355",174,56,Charles,Alvarez,18.5
58,"1117 Ruth Terrace Port Stephaniemouth, AL 03216",180,73,Wesley,Duke,22.53
85,"98794 Valentine Ways Lake Samantha, VT 74584",181,44,Amy,Edwards,13.43
37,"8573 Anita Plaza Davenportfort, RI 21624",195,52,Thomas,Williamson,13.68
99,"4370 Barr Glen Suite 592 New Tiffanyport, NE 97509",153,87,Clinton,Dixon,37.17
29,"575 Coleman Grove Suite 596 Matthewhaven, ME 99883",187,74,Stephanie,Francis,21.16
78,"9739 Thomas Tunnel Apt. 944 New Aprilland, MO 37590",156,72,Theresa,Rice,29.59
60,"27936 Cynthia Track Apt. 804 Leblancview, DE 08069",163,107,Robert,Davis,40.27
100,"32581 Monica Causeway South Ericamouth, OK 42216",171,71,Ryan,Nelson,24.28
29,Unit 7265 Box 7287 DPO AP 95982,157,110,Robert,Ford,44.63
61,"1956 Tina Forks West Vincent, ND 85723",169,44,Timothy,Walker,15.41
29,"90699 Johnson Springs Lake Cynthia, VA 75972",179,86,Andrea,Ruiz,26.84
89,"3488 Young Junction Anthonyhaven, ID 04615",163,74,Jose,Thomas,27.85
58,"9478 Patricia Burg Suite 392 Lake Marc, OH 78674",175,105,Corey,Rowland,34.29
53,"352 Lee Parkway Suite 726 Amandaburgh, KS 18239",184,47,Joseph,Dillon,13.88
32,"600 Evans Inlet Troytown, MO 80813",153,74,Laura,Tucker,31.61
52,"2103 Johnson Mission East Cynthiabury, PW 36249",173,105,Randy,Solis,35.08
48,"0663 Brittany Rapid Suite 916 Lake Miranda, FM 55156",170,52,Eric,Taylor,17.99
62,"952 Lindsay Ramp Suite 725 Caldwellchester, VT 36554",190,58,Ricky,Smith,16.07
61,"32966 Gary Unions Port Angela, LA 94437",153,90,William,Melton,38.45
24,"4636 Herrera Mount Apt. 589 South Pamelamouth, GA 75006",160,61,Melissa,Cole,23.83
21,"36323 Johnson Path Lake Claudia, DE 13169",150,56,Gabriela,Lane,24.89
84,"71959 Travis Canyon Suite 001 Valeriebury, ND 79387",193,64,Mary,Garcia,17.18
81,"967 Nathan Fort Helenburgh, ME 20110",162,74,Cynthia,Love,28.2
47,"1074 Carl Isle Kellyfort, TX 43249",150,89,Daniel,Dixon,39.56
32,"815 Soto Viaduct Apt. 406 East Crystal, IL 55555",198,40,Joan,Bennett,10.2
29,"32713 Wallace Walk Apt. 088 Thomasview, LA 35548",192,42,Douglas,Guerrero,11.39
32,"67402 Mark Ways South Joshuatown, HI 34769",174,60,Brian,Bailey,19.82
57,"016 Thomas Way Suite 403 Lake Tammy, ME 93142",166,73,Paul,Nelson,26.49
71,"4573 Kim Fort Apt. 198 Rodgersfort, FL 79564",184,74,Becky,Miller,21.86
83,"67006 Lindsey Walks Apt. 946 East Michaelfurt, CT 22728",163,88,Jennifer,Mcbride,33.12
97,"24431 Sandra Mall Apt. 142 North Craigchester, ME 72237",160,90,Jenna,Lowe,35.16
63,"2552 Christina Mills Port Jeffreyfurt, HI 30514",180,56,Vincent,Cunningham,17.28
31,"996 Taylor Neck Suite 109 Cookton, KS 06287",182,42,David,Buckley,12.68
93,USCGC Thompson FPO AE 71427,174,45,Christopher,James,14.86
75,"997 Bradford Port Sabrinahaven, OR 96701",184,110,Carrie,Morgan,32.49
42,"61920 Mcdaniel Springs Suite 524 East Kellyton, MD 88594",150,107,Aaron,Martinez,47.56
40,"668 Thomas Circle Apt. 404 Beltranfurt, MP 90174",164,59,Jacob,Freeman,21.94
64,Unit 9673 Box 7754 DPO AE 49999,174,59,Keith,Burton,19.49
49,"370 Stephen Ramp Andersonberg, VI 27659",170,58,Brian,Bridges,20.07
61,"4049 Bruce Shoals Lake Ernest, CA 51833",180,73,James,Davis,22.53
90,"733 Quinn Ranch East Josephville, MO 66403",172,54,Morgan,Lynn,18.25
43,"150 Max Ridge Lake Thomas, PR 17251",188,102,Elizabeth,Parker,28.86
72,"22065 Matthew Walks Suite 015 Calvinmouth, AK 50761",197,98,Tony,Byrd,25.25
24,"3488 Young Junction Anthonyhaven, ID 04615",151,86,Ian,Johnson,37.72
54,"71274 Lopez Circle Meyersside, MI 34496",156,87,Michael,Mcconnell,35.75
48,"76704 Walsh Rapids Apt. 516 East David, AK 83107",191,74,Steven,Martinez,20.28
55,"PSC 7093, Box 3856 APO AP 93867",172,61,Zachary,Thompson,20.62
80,"177 Olsen Village Port Patrickland, ME 82169",179,109,Mark,Schultz,34.02
61,"2044 Young Brooks Apt. 095 Lanefort, DC 12588",191,93,Joshua,Burns,25.49
96,"0894 Lynch Branch South Laurenhaven, IN 18420",200,76,Kimberly,Smith,19.0
97,"0519 Meghan Freeway Suite 409 Mckenzieville, AR 66996",196,79,Wayne,Gallegos,20.56
30,Unit 1240 Box 0844 DPO AA 80820,153,66,Amy,Foster,28.19
61,"60190 Atkinson Isle Apt. 015 South Scotttown, SC 99646",166,51,William,Delacruz,18.51
61,"12869 Clark Branch Christianshire, NH 25340",190,87,Jonathan,Parker,24.1
77,"21683 Brennan Expressway Bakerbury, OK 21508",188,70,Nicole,Parker,19.81
47,"6072 Douglas Cape New Samuel, TN 54618",154,74,Heather,Hudson,31.2
59,"191 Evans Viaduct New Lisaview, ID 33928",186,74,Christopher,Gonzales,21.39
29,"38343 Archer Flats Suite 089 Kimberlyburgh, SD 09158",164,105,Carolyn,Mooney,39.04
36,"609 Nicole Station Anashire, AR 93043",192,103,Shannon,Jacobs,27.94
61,"8684 Phillips Curve Apt. 983 New William, NE 52835",193,60,Jason,Irwin,16.11
61,"265 Garcia Way Lisaview, UT 39186",174,74,Cassandra,Mack,24.44
77,"404 Farrell Way East Christopher, MA 63946",174,76,Bryan,Small,25.1
50,"7658 Brooks Ridges Suite 363 Sarahport, DE 01258",163,74,Johnny,Christensen,27.85
66,"881 Weeks Keys South Cathychester, DE 41080",184,71,James,Graham,20.97
55,"649 Knight Stream Apt. 113 South Sandra, MI 48905",176,101,Julie,Martin,32.61
52,"3049 Deborah Cove Apt. 739 Juliaborough, IA 90894",170,82,Michelle,Carpenter,28.37
63,"720 Katherine Extension Port Thomas, ID 47604",184,85,George,Williams,25.11
63,"897 Emily Shores Apt. 877 Davidfurt, MI 70668",174,95,Alexa,Alvarez,31.38
31,"9396 Scott Heights Apt. 170 North Anthonyport, ND 40822",191,75,Elizabeth,Blackwell,20.56
48,"1568 Washington Run East Lauren, WI 48109",194,85,James,Pierce,22.58
56,"252 Lisa Cliff Apt. 106 West Marietown, MP 36831",192,46,Erica,Bennett,12.48
90,"5885 Ortiz Neck Russellhaven, CA 18581",175,76,Daniel,Gonzales,24.82
58,"3323 Kelly Track Michaelmouth, VA 29766",180,41,John,Lee,12.65
35,"86325 Hill Drive Suite 994 Fieldsshire, VT 28520",151,76,Shannon,Olson,33.33
61,"11054 Scott Pass North Robert, MD 33722",178,104,Jacqueline,Reeves,32.82
93,"14669 Virginia Fords Apt. 591 North Sarahmouth, AR 22392",170,54,Sarah,Anderson,18.69
64,"618 Ruth Pines Apt. 352 Joshuaburgh, ID 71800",150,80,Kristen,Davis,35.56
58,"4900 Mcgee Road Apt. 798 Tylerchester, DC 02797",200,96,Jason,Clark,24.0
46,"4364 Matthew Creek Apt. 790 South Sheilaburgh, MP 86156",173,66,Martha,Wells,22.05
82,"PSC 1385, Box 0878 APO AE 17057",195,47,Monica,Brooks,12.36
30,"41736 Joseph Course South Johnchester, ND 89937",187,44,Mark,Davis,12.58
40,"21728 Nicole Tunnel Evanborough, OR 41428",169,61,Lauren,White,21.36
70,"PSC 4413, Box 2030 APO AA 33696",172,74,Lisa,Carter,25.01
85,"PSC 1183, Box 7648 APO AP 24943",174,65,David,Tucker,21.47
61,"874 Leroy Groves Jacksonberg, FL 35465",172,64,Katie,Byrd,21.63
42,"0386 Rachel Loaf Apt. 839 Port Davidside, FM 93430",159,82,Ryan,Cochran,32.44
41,"064 Pitts Centers Markview, GA 51998",174,41,Anna,Miller,13.54
20,"44717 Ralph Wells Suite 180 Rachelchester, MI 99213",173,101,Christopher,Kelley,33.75
77,"3905 Samuel Skyway Apt. 990 Mayofurt, OK 85065",168,41,Craig,Harris,14.53
61,"8885 Victoria Passage Lake Lauraburgh, MD 30361",173,60,Collin,Stokes,20.05
95,USCGC Pena FPO AE 01341,172,43,Charles,Chavez,14.53
21,"2534 Harrison Views East Kathy, CT 24641",163,51,Valerie,Bryant,19.2
75,"95903 April Gardens Martinchester, FM 51569",197,110,Michael,Thompson,28.34
56,"9582 Schroeder Tunnel Apt. 979 Lake Jake, AZ 46839",180,89,Kristine,Brown,27.47
71,"347 Morris Row South Warrenmouth, NH 41813",177,100,Kristine,Garrett,31.92
71,"52857 Melissa Islands Apt. 018 East Jennifer, DC 31688",182,43,Amanda,Smith,12.98
84,"7191 Michael Rapid Burgessland, VA 54057",173,51,Tina,Chapman,17.04
84,"435 Brandon Coves Port Anna, MO 19690",175,59,Terrence,Booker,19.27
86,"PSC 8927, Box 5022 APO AA 08744",168,109,Dennis,Hays,38.62
99,"070 Brittany Spring Hillstad, HI 87987",174,93,Kathleen,Martin,30.72
20,"952 Lindsay Ramp Suite 725 Caldwellchester, VT 36554",167,49,Michael,May,17.57
21,"6385 Barbara Isle Williamland, WA 51761",155,74,Jose,Johnson,30.8
40,"537 Zamora Roads Apt. 258 Port Mike, HI 44521",176,103,Jonathan,Tran,33.25
25,"2998 James Ferry Suite 583 Barrettton, WV 90633",184,40,Joshua,Jackson,11.81
81,"685 Jesse Fall East Steven, NE 48312",178,109,Jasmin,Ray,34.4
28,"6332 Walls Gardens Suite 494 Sherryshire, SD 51094",188,106,James,Scott,29.99
49,"201 Catherine Radial Suite 496 North Jessica, PR 16964",166,74,Amy,Simpson,26.85
41,"205 Emily Passage Suite 252 Taylorburgh, TX 36810",200,93,Taylor,Roberts,23.25
28,"236 Riddle Alley Rossland, MP 17636",191,45,Stacie,Burns,12.34
21,"9497 Parker Mills West Tinaberg, NH 08611",175,65,John,Baker,21.22
59,Unit 3491 Box 7944 DPO AP 18074,153,85,Jason,Washington,36.31
94,"4573 Kim Fort Apt. 198 Rodgersfort, FL 79564",154,83,Charles,Larson,35.0
40,"5116 Ellis Circles Apt. 851 Brittanyport, TN 07446",150,89,Melissa,Spencer,39.56
88,"22370 Austin Roads West Alexisfurt, SD 48508",177,74,Carol,Rice,23.62
70,"42891 Tamara Isle Suite 761 New Sherritown, IL 13775",165,75,Teresa,Wilson,27.55
26,"43118 Hamilton Hollow Davidbury, MP 30934",169,60,Sarah,Hernandez,21.01
76,"486 Whitaker Meadow Suite 937 Adamsshire, OK 67705",151,55,Adam,Lewis,24.12
66,USS Erickson FPO AA 54153,174,41,Charles,Christian,13.54
72,"7083 Alex Roads Apt. 462 Elizabethborough, PR 97390",180,72,Stephanie,Schaefer,22.22
95,"935 Kara Run Suite 583 Port Jessicaville, CT 03607",200,74,Eduardo,Fields,18.5
61,Unit 0292 Box 9723 DPO AP 17785,176,61,Courtney,Robinson,19.69
48,"733 Quinn Ranch East Josephville, MO 66403",151,44,Andrew,Ramirez,19.3
77,"00906 William Manors New Andrewview, ND 85362",195,99,Tracy,Ferguson,26.04
57,"4463 Wilson Overpass Suite 715 East Lynnside, ME 93491",174,56,Patricia,Parker,18.5
60,"0314 Roberts Trail Susantown, NM 66382",174,86,Molly,Davidson,28.41
59,"94685 Morgan Cliffs Cherylville, NY 26608",184,106,David,Thomas,31.31
30,"90284 Allen Ports Suite 411 South Laurenfort, AZ 20788",167,74,Raymond,Arnold,26.53
57,"93270 Ward Overpass Apt. 162 Brentland, MS 71070",194,41,Jasmine,Robinson,10.89
47,"517 Braun Valley Port Christianchester, VA 34600",197,54,Jeremy,Reese,13.91
60,"86576 Matthew Meadow Apt. 966 Douglasshire, NJ 24530",178,72,Daniel,Reeves,22.72
86,"931 Choi Ferry Daniellemouth, OR 72238",174,99,Adrienne,Allen,32.7
87,"2690 Graves Dale Apt. 064 Lewisland, OR 74172",163,65,Emily,Allen,24.46
25,"37300 Johnson Harbor Mckeebury, CT 51458",152,62,Sheryl,Dunn,26.84
47,"0663 Brittany Rapid Suite 916 Lake Miranda, FM 55156",195,86,Jamie,Walker,22.62
89,"4249 Monica Landing West Sophiabury, MP 40931",170,102,Scott,Wilkins,35.29
79,"49067 Pamela Ford Heathtown, AK 08750",199,63,Richard,Finley,15.91
34,"223 Laura Lock Apt. 730 West Isaac, ME 17702",169,95,Steven,Jensen,33.26
62,"291 Catherine Drive Apt. 648 Loganland, NM 31540",167,74,Brian,Williams,26.53
64,"53862 Simmons Pines Brendastad, MA 85502",186,74,Joshua,Francis,21.39
59,"0326 Thomas Turnpike Apt. 935 West Johnton, AK 94818",153,79,Cynthia,Allen,33.75
99,"7258 Hickman Radial Apt. 754 Johnborough, SC 56458",180,58,Tyler,Foster,17.9
57,Unit 7355 Box 2089 DPO AP 35857,175,61,Jeremy,Allison,19.92
84,"68428 Garcia Way Apt. 917 Matthewside, SD 71541",180,60,Kelly,Wright,18.52
71,"9771 Dakota Plains Apt. 678 Alejandraburgh, AR 35105",168,100,Valerie,Padilla,35.43
41,"3323 Kelly Track Michaelmouth, VA 29766",150,87,Savannah,King,38.67
49,"6528 Courtney Crest Suite 732 New Joel, KS 62544",183,41,Michael,Davis,12.24
52,"0836 Michelle Hill Apt. 457 South Cynthiafurt, AZ 92826",177,91,Cheryl,Alexander,29.05
97,"120 Jason Cliff Suite 372 Johnsonville, VI 97580",193,79,Marcus,Atkinson,21.21
85,"56695 Simmons Island Apt. 879 Finleybury, WV 51423",181,50,Stephanie,Walton,15.26
28,"4810 Karl Island Suite 799 Lauraport, MS 16596",177,61,Steven,Atkins,19.47
57,"694 Bruce Springs Larrymouth, MT 26361",174,62,Natalie,Taylor,20.48
81,"6245 Wright Lights Suite 996 West Josephport, ME 48611",159,71,Casey,Vincent,28.08
88,"509 Taylor Ridge North Josephside, PR 62878",164,83,Anna,Kelly,30.86
30,"3968 Marcus Garden Suite 705 Riverafort, RI 75335",173,66,Jason,Miller,22.05
43,USS Thomas FPO AE 53702,182,60,Timothy,Alvarez,18.11
84,"3516 Jill Harbor Victoriafurt, NV 25457",193,99,Megan,Calhoun,26.58
61,"71377 Shannon Rue Suite 037 Krystalborough, MN 70715",187,42,Katherine,Johnson,12.01
71,"8780 Patterson Roads Suite 827 Jonathonstad, MA 61998",174,59,Tracy,King,19.49
61,"4357 Jones Way Apt. 609 Sarahton, UT 45143",155,69,Roger,Hester,28.72
61,"967 Nathan Fort Helenburgh, ME 20110",196,79,David,Turner,20.56
41,Unit 1886 Box 2847 DPO AA 14838,166,109,Tyler,Ward,39.56
35,"0953 Matthew Gateway South Aaronland, CO 07096",169,74,Joseph,Bruce,25.91
35,"64305 Katherine Crossroad Lake Jacob, HI 11628",167,83,Christine,Bright,29.76
92,"843 Jordan Run Chavezburgh, CO 66033",198,74,James,Monroe,18.88
87,"5263 Walton Creek Apt. 297 South Ericfurt, MT 42912",181,47,Tina,Morris,14.35
44,"070 Brittany Spring Hillstad, HI 87987",176,89,Brad,Allen,28.73
88,"694 Norton Way East Amytown, NH 14632",163,86,Raymond,Cain,32.37
82,"042 Donna Road Mauriceport, CA 58775",188,106,Heather,Dillon,29.99
84,"75533 Owen Freeway Suite 009 Millerchester, TN 52303",152,110,James,Hunt,47.61
58,"12654 David Square Suite 519 Reedberg, AR 54580",196,82,Taylor,Palmer,21.35
75,"962 Mcbride Lodge Apt. 782 Waltersburgh, TX 96466",174,74,Douglas,Garrett,24.44
22,"PSC 1517, Box 0828 APO AA 74016",156,52,Steven,Bates,21.37
71,"0550 Thompson Gateway Apt. 383 Mariaview, NE 98093",174,78,Rachel,Schultz,25.76
66,"873 Steven Freeway Hernandezport, MH 91752",174,65,Alicia,Nelson,21.47
75,"4446 Burton Mall Suite 403 Luisbury, DE 81576",194,68,Megan,Hernandez,18.07
54,"338 Richard Glen Apt. 222 East Davidville, MO 03381",196,89,Christopher,Sanchez,23.17
41,"3018 Gill Centers Suite 999 North Lorichester, SC 73618",174,93,Jose,May,30.72
95,"1624 Casey Lodge Suite 367 Monicamouth, WA 10581",177,93,Martha,Castro,29.68
80,"6818 Benjamin Mill Kennethmouth, GU 90111",190,57,Alicia,Robles,15.79
72,"73668 Steven Field Lake Danafurt, MP 96132",160,68,Cameron,Gomez,26.56
60,"85623 Christopher Lodge Suite 658 North Tony, DE 16071",168,84,Michael,Griffin,29.76
71,"4818 Ray Unions Suite 197 Dylanport, MD 79132",177,95,Martin,Cook,30.32
23,"947 Ewing Junctions Apt. 240 Lindaville, ID 18794",162,99,Bobby,Sanchez,37.72
36,"75533 Owen Freeway Suite 009 Millerchester, TN 52303",158,54,Linda,Gill,21.63
79,"37821 Timothy Drive Suite 469 North Elizabethbury, WV 12296",183,53,Dale,Sullivan,15.83
53,"525 Cochran Drive Suite 316 New Davidberg, OR 14428",178,110,Karen,Flores,34.72
80,"6457 Harris Manors Angelaville, WI 67688",195,44,Amanda,Smith,11.57
82,"681 Sarah Pine Apt. 416 South Anthonyborough, KY 37252",171,105,Benjamin,Phillips,35.91
49,"18694 Christine Flats Robertborough, MT 12451",154,98,Gina,Dyer,41.32
39,"97114 Linda Points Apt. 315 Lake Michaelton, MO 71303",176,80,Becky,Baker,25.83
32,"7007 Nicole Lane South Jamesland, AS 23567",193,68,Charles,Johnson,18.26
97,"21225 Parks Ranch Sierrahaven, AR 69912",159,99,Kristina,Johnson,39.16
30,"466 Tim Ramp Suite 450 Armstrongburgh, FL 90886",151,74,Melissa,Smith,32.45
72,"7620 Gross Pines Apt. 220 West Abigail, VT 84762",195,79,Larry,James,20.78
96,"33447 Brady Knoll Suite 959 New Jasonstad, WI 89686",161,92,Jeffrey,Moore,35.49
60,"2290 Michael Plains South Justin, AK 16659",150,63,Michael,Martin,28.0
36,"407 Nicholson Lake Castillochester, MP 63936",176,79,Samantha,Nolan,25.5
43,"71959 Travis Canyon Suite 001 Valeriebury, ND 79387",178,72,Andrew,Gallegos,22.72
93,"PSC 7133, Box 1926 APO AP 14174",196,80,John,Pitts,20.82
23,"3493 Lynch Road Apt. 382 Lake Donnamouth, GU 92650",191,102,John,Barrett,27.96
61,"119 Henry Way Suite 852 Millerfurt, WA 82949",177,89,Aaron,Martinez,28.41
39,"98940 Reed Cape Suite 040 Taylormouth, GA 34351",200,78,Heather,Beck,19.5
47,"2690 Graves Dale Apt. 064 Lewisland, OR 74172",170,65,George,Ruiz,22.49
98,"2810 Craig Station North Robertfort, IL 41634",191,84,Sarah,Anderson,23.03
93,"277 Amy Park Suite 995 Ericatown, AR 18607",187,102,Jeffrey,Reid,29.17
83,"087 Ross Rest Apt. 212 Port Brookeborough, SD 80512",174,96,Michelle,Cohen,31.71
88,"7983 Rebecca Highway Apt. 253 Lake Tammyfurt, IL 66184",184,103,Michelle,Kennedy,30.42
53,"149 Brian Mountain Suite 619 Diazmouth, DE 42748",179,97,Evelyn,Obrien,30.27
76,"981 Stacey Mission Suite 652 New Nancyside, NV 78087",196,82,Spencer,Rhodes,21.35
42,"825 Andres Wall Suite 019 South Melissaview, ID 31303",181,91,Christopher,Boone,27.78
92,"7265 Rice Circles East Stephen, GA 97902",181,77,Michelle,Jordan,23.5
85,"36880 Villegas Stream Apt. 129 Davidview, RI 70282",188,99,Beth,Paul,28.01
92,"51147 Rush Manors Suite 122 Parkertown, SC 27926",175,58,Cameron,Mccarthy,18.94
71,"0669 Garcia Turnpike Gutierrezville, PW 87785",192,80,Colleen,Kennedy,21.7
96,USNS Stewart FPO AA 40795,157,87,Denise,Wise,35.3
75,"162 Kelsey Corner Ramosmouth, NJ 35810",174,90,Nicole,Beard,29.73
84,"44824 Nicole Terrace West Robinview, TN 46258",192,66,Maxwell,Price,17.9
47,"9603 Harrison Plaza Apt. 149 North Richardfort, MH 63338",174,50,Lisa,Dunn,16.51
57,"98707 Jessica Via Suite 978 North Natalie, NM 45821",182,97,Lisa,Martin,29.28
57,"62670 Vega Dam Danieltown, WY 02295",172,94,James,Turner,31.77
99,"553 Keith Prairie Suite 106 East Raymondfort, PW 01131",159,91,Lorraine,Nixon,36.0
43,"1171 Melissa Village Apt. 322 Lake Tracy, NV 43617",152,75,Nicole,Collins,32.46
41,"1956 Martin Villages Port Christina, HI 28488",176,62,Matthew,Solis,20.02
100,"996 Lane Rest Williamside, UT 97506",153,88,Nathaniel,Williams,37.59
83,"4527 Robertson Landing South Julie, AK 46289",172,100,Javier,Adkins,33.8
34,"65346 Andrew Course South Amanda, NV 94631",171,99,Timothy,Brady,33.86
51,"96622 York Bridge Suite 341 Michaelmouth, VA 36104",158,69,Alexander,Bolton,27.64
89,"4075 Maxwell Extension Suite 680 Lake Toddville, SC 10213",171,74,Terrence,Young,25.31
77,"61920 Mcdaniel Springs Suite 524 East Kellyton, MD 88594",192,108,Justin,Walker,29.3
66,"2664 Erica Overpass Suite 640 North Richard, VA 29007",189,84,Frances,Stone,23.52
75,Unit 9313 Box 3249 DPO AP 73638,170,50,Beth,Villanueva,17.3
55,"378 Breanna Underpass Suite 810 Juanshire, GA 55146",199,44,Daniel,Hernandez,11.11
26,"4596 Douglas Mountain Apt. 683 Cohenport, NJ 68408",158,67,Melissa,Hernandez,26.84
32,Unit 0982 Box 9807 DPO AP 23648,170,53,Brian,Christian,18.34
71,"7855 Buck Light Sherrichester, CO 60701",167,56,Scott,Manning,20.08
49,"PSC 8284, Box 8638 APO AA 16692",199,48,John,Howard,12.12
32,"56751 Hunt Expressway Michaelland, CT 51026",186,80,Michele,Scott,23.12
61,"8387 Green Circle Suite 801 Carlsonside, WA 12914",183,102,Jonathan,Schroeder,30.46
37,"226 Ramirez Branch East Curtisland, WY 74250",179,85,Zachary,Young,26.53
63,"77929 Robert Summit Adamsport, LA 48369",154,45,Richard,Browning,18.97
60,USCGC Gomez FPO AP 96341,193,110,Michelle,Yates,29.53
79,"PSC 5849, Box 3112 APO AE 77875",178,48,Theresa,Chandler,15.15
71,"618 Ruth Pines Apt. 352 Joshuaburgh, ID 71800",168,75,Lori,Hill,26.57
33,"74881 Lopez Creek West Meganfurt, MO 70749",163,89,Victor,Pierce,33.5
37,"71493 Mark Village Apt. 227 North Leetown, IA 85414",160,61,Stephanie,Clark,23.83
86,"60555 Davis Meadows Erikahaven, PW 63900",157,73,Samuel,Hubbard,29.62
88,"925 Anderson Branch Apt. 399 North David, DE 28700",198,74,Mallory,Lee,18.88
82,"98873 Hernandez Center Apt. 182 Rodriguezport, MS 31732",159,79,Jeffrey,Williams,31.25
61,"430 Jennifer Key Alisonberg, AR 45841",200,41,Kimberly,Newman,10.25
61,"4927 Kevin Crossroad West Michael, MO 90971",176,74,Melissa,Perez,23.89
57,"54899 Robbins Dale Apt. 368 Lake Antonioborough, GU 42663",173,53,Wendy,Wolfe,17.71
84,USNS Gutierrez FPO AA 01917,174,46,Gregory,Arnold,15.19
84,"73019 Stacey Lane Suite 147 North Christopherborough, WY 22251",157,55,Amanda,Chan,22.31
82,"68588 Howard Creek Apt. 477 Dawnfurt, PW 39108",193,107,Jamie,Herring,28.73
45,"732 Stewart Fields New Brittanyside, NV 84333",190,87,Juan,Hines,24.1
71,"637 Margaret Rapids Haneymouth, PA 32947",192,106,Patrick,Hogan,28.75
61,"654 Rachel Key Suite 522 Sawyerhaven, ND 82140",174,105,Amanda,Mata,34.68
52,"5740 Cuevas Flat Suite 321 North Jeremyland, MS 78832",194,92,Brenda,Conner,24.44
50,"51938 Beard Bridge Port Markville, GA 80604",152,75,Melissa,Santiago,32.46
82,"4083 Matthew Estate Richardsonbury, MA 16934",190,84,Justin,Cruz,23.27
69,USCGC Serrano FPO AP 86038,167,72,Katie,Mcdonald,25.82
46,"704 Navarro Trafficway East Melissa, MI 94015",166,41,Debra,Baker,14.88
76,"37805 James Path New Phillipville, NY 80965",193,74,Tiffany,Porter,19.87
82,"12996 Brooks Square Reyeschester, ID 27869",182,47,Rachel,Garcia,14.19
35,"86561 John Common Evansfurt, SC 77672",182,83,Keith,Tucker,25.06
57,"517 Taylor Square Apt. 714 Masseyside, PW 53954",174,74,Peter,Patton,24.44
60,"PSC 9357, Box 5095 APO AP 27848",154,108,Lauren,Phillips,45.54
42,"975 Sabrina Hill North Ronald, MS 55082",191,105,Eric,Sanchez,28.78
54,"30717 Cain Fork West Adamtown, NV 30117",185,86,Chelsea,Dennis,25.13
87,"62258 James Cape Hillton, MS 79488",168,83,Brianna,Vaughan,29.41
40,"1300 Noble Estates West Kimberly, DC 46231",180,55,Paul,Mccormick,16.98
50,"597 Ashley Road North Lauren, KY 10035",200,83,Christopher,Miles,20.75
90,Unit 8292 Box 3390 DPO AE 37592,150,89,Nicole,Harris,39.56
40,"157 Cook Mountain Apt. 610 Lopezton, CO 02591",174,74,Michael,Hoffman,24.44
61,"9344 Kennedy Freeway East Amandatown, KY 92790",185,51,Marcus,Brown,14.9
92,"8436 Jordan Gateway Apt. 494 Courtneyton, NJ 17364",172,74,Jessica,Gonzalez,25.01
32,"12287 Daniel Crescent Suite 952 West Angelaberg, CA 17895",189,78,Rebecca,Contreras,21.84
52,"739 Kimberly Coves Lake Keith, LA 15229",181,64,Tanya,Smith,19.54
93,"859 Ashley Station West Stephenmouth, MH 31633",196,92,Katie,Roberts,23.95
81,"1170 Lori Road Apt. 206 Danaville, HI 35373",161,85,Willie,Whitehead,32.79
93,"92368 Velazquez Courts West Davidland, IL 35356",174,61,David,Bartlett,20.15
39,Unit 9725 Box 9653 DPO AE 62441,165,86,Jay,Osborne,31.59
70,"7729 Spears Corners East Michael, HI 44468",196,48,Jimmy,Matthews,12.49
53,"0953 Karen Neck Port James, KY 08813",166,59,Heather,Brown,21.41
61,"606 Don Vista East Jerryport, CO 66723",158,98,Michael,West,39.26
93,"73980 Olson Courts Suite 286 Jamesland, DC 41157",174,68,Tara,Smith,22.46
80,"7131 Torres Trail West Ericaberg, WI 43539",177,47,Christina,Rollins,15.0
53,"2312 Heather Tunnel Lloydshire, NH 20768",158,56,Angela,Kane,22.43
71,"743 Tracy Manor Suite 521 Lake Douglasview, MP 10584",173,91,Gregory,Hall,30.41
79,"1013 Jessica Coves Suite 994 Donaldfurt, ID 31394",151,86,Nicole,Rodriguez,37.72
26,"9280 Goodwin Squares Apt. 631 Williamsview, SC 60667",192,57,David,Martinez,15.46
85,"50855 Bethany Via Apt. 269 Michaelfurt, CO 05313",188,74,Kevin,Tyler,20.94
97,"9871 Amanda Island Suite 462 New Daniel, PR 05080",154,83,Sergio,Gonzales,35.0
61,"61335 Mora Turnpike Suite 558 Edwardview, VT 52332",172,105,Nicholas,Beasley,35.49
57,USCGC Young FPO AE 65926,185,91,George,Graves,26.59
79,"6473 Sharon Motorway Apt. 762 Montoyachester, TN 17240",165,60,Jessica,Gibson,22.04
83,"0100 Nicholas Manors West Janice, AL 75367",174,102,Scott,Turner,33.69
92,"0693 Dustin Mountain Suite 609 Skinnerburgh, IL 57757",192,45,Angelica,Munoz,12.21
74,"13253 Desiree Skyway Suite 405 Jacksonbury, NV 39415",191,71,Sandra,Pham,19.46
88,"3199 Harrison Trafficway North Breanna, MD 37892",191,74,Daniel,Cole,20.28
95,"08688 Stacy Pike Suite 999 Danielbury, NJ 57784",189,74,Jessica,Martin,20.72
61,"83918 Pace Groves Suite 522 West Jessicamouth, WV 32059",174,104,Crystal,Huynh,34.35
63,"40193 Nicole Ferry Jonesbury, DE 46536",173,104,Thomas,Collins,34.75
34,"579 Devon Locks Villarrealtown, PR 17831",174,97,Jonathan,Johnson,32.04
73,"264 Ellen Turnpike Bowersville, WY 22989",175,108,Mikayla,Simpson,35.27
95,"914 Wilkerson Neck Apt. 011 West Gabrielle, MT 13003",169,80,Wendy,Livingston,28.01
26,"16818 Hanson Center Victoriafurt, NY 12831",160,62,Albert,Davis,24.22
71,"47563 Mitchell Wells Suite 345 South Victoriafurt, PA 64497",174,50,Pamela,Calhoun,16.51
25,"071 Larry Mall Suite 283 Michaelshire, CA 01976",174,74,Deborah,Moore,24.44
35,"85506 Karen Knolls Woodsview, WV 23675",164,66,Jason,Williams,24.54
28,"149 Brian Mountain Suite 619 Diazmouth, DE 42748",192,106,Stacy,Moore,28.75
61,"3872 Jones Road Suite 068 West Richard, TN 70880",174,73,Jessica,Ross,24.11
49,Unit 3828 Box 7681 DPO AE 60463,150,94,Stephanie,Parker,41.78
61,"14649 Logan Flat Suite 910 North Rachelview, KS 48488",164,54,Amanda,Cruz,20.08
27,"065 Paula Center Lake Crystal, VT 16005",162,90,Francis,Cabrera,34.29
30,"260 Payne Rapid Apt. 843 Lake Mallory, PA 87693",181,78,Ashley,Campbell,23.81
47,"8337 Schmidt Avenue Suite 668 North Christopher, ND 71490",179,106,Jordan,Wilson,33.08
21,"523 Rodriguez Courts Suite 766 Jacobsport, AL 69790",166,96,Richard,Smith,34.84
95,"866 Dylan Mews New Dustin, AR 38575",156,74,Penny,Barajas,30.41
54,"33836 Stephen Corner Apt. 728 New Stephanieborough, ID 21405",159,104,Christian,Ball,41.14
20,Unit 8797 Box 7722 DPO AA 86599,167,95,Angela,Curtis,34.06
47,"525 Perkins Shore Apt. 557 West Hollyton, MN 71161",153,71,James,Cisneros,30.33
83,"165 William Trail Apt. 794 North Lisahaven, ND 09698",191,54,Christopher,Arnold,14.8
84,"40740 Butler Oval Shermanberg, FL 67882",193,75,Jeffrey,Grant,20.13
87,"1871 William Summit Suite 558 Fernandoport, DC 11723",193,86,Derek,Reed,23.09
89,"747 Casey Turnpike Apt. 911 Jeffreybury, PA 88104",162,58,Albert,Stein,22.1
53,"7106 Goodwin Skyway Apt. 463 Lake Jordan, WA 76666",174,76,Marissa,Barnes,25.1
61,"37421 Jane Fort Suite 361 New Lindaville, WY 43092",170,107,Michelle,Nichols,37.02
35,"1207 Brittany Hills Port Tyler, NH 68540",194,43,Terrence,Wagner,11.43
47,"600 Brown Dam Suite 366 Jacobsbury, ID 10321",181,74,Ryan,Miller,22.59
82,"21178 Maria Valleys West Donald, NM 61143",174,54,Cody,Mcdonald,17.84
44,"47793 Flores Summit Suite 462 West Patriciaside, AZ 94717",182,74,Laura,Stokes,22.34
61,"1013 Jessica Coves Suite 994 Donaldfurt, ID 31394",162,74,Charles,May,28.2
25,"801 Green Fall Apt. 782 Chenfurt, NE 61171",165,63,Jacob,Wagner,23.14
36,"83346 James Bypass Briantown, AZ 72620",162,77,Erin,Simon,29.34
95,"51604 Jeffrey Rapids Suite 730 South Lisa, OR 46882",194,96,Vincent,Hall,25.51
96,"32461 Pena Vista Knightfurt, MO 75461",162,51,Cody,Molina,19.43
64,"8437 Gregory Gardens Beckland, NE 64461",174,89,Crystal,Guerra,29.4
61,"097 Rivera Crossroad Suite 643 Morenoland, VT 78170",196,74,Lynn,Miller,19.26
35,"89266 Allen Views New Kathyside, NV 20153",192,70,John,Burns,18.99
78,"668 Hernandez Stream Suite 612 Vangview, RI 42236",169,46,Michael,Lopez,16.11
93,"451 Michael Lake Jasontown, PA 85380",199,75,Kristen,Meyer,18.94
82,"7841 Gerald Course Suite 491 Johnsonside, MI 78935",164,72,James,Duncan,26.77
85,"67402 Mark Ways South Joshuatown, HI 34769",196,80,Sara,Smith,20.82
86,"168 Rebecca Rest Apt. 340 Lake Joshuahaven, OK 57168",164,71,Troy,Bonilla,26.4
46,"4570 Roberts Centers Apt. 038 New Jennifertown, TN 32832",179,53,Christopher,Johnson,16.54
47,"49037 Kevin Ranch South Johnnyfurt, IL 25807",178,81,Nathan,Jones,25.56
96,"7023 Scott Vista Maryport, SD 56515",184,78,Mary,Thomas,23.04
83,"3018 Gill Centers Suite 999 North Lorichester, SC 73618",191,48,Ryan,Duncan,13.16
58,"01061 Yvonne Knolls Jonesborough, AK 56509",196,97,William,Lee,25.25
61,"653 Jenkins Greens North Devin, GU 07740",174,79,Roger,Atkins,26.09
44,"1155 Randy Pine Suite 723 Robertsfurt, MA 98542",164,41,Jesus,Levine,15.24
46,"88779 Anna Spurs Apt. 307 Howellfort, WA 21245",165,45,Maria,Garcia,16.53
97,"70354 Thomas Turnpike New Clintonside, OK 20219",168,102,Elizabeth,Wolf,36.14
61,"813 Rachel Hollow East Jennifer, VT 38750",172,85,Gina,Oconnor,28.73
53,"3413 Danielle Tunnel Lindsayville, MS 61151",157,89,Robert,Gutierrez,36.11
76,"299 Mccann Ranch New Morganhaven, RI 28334",184,77,Nancy,Carlson,22.74
91,"6818 Benjamin Mill Kennethmouth, GU 90111",189,81,Roger,Collins,22.68
57,"83356 Long Passage Suite 406 Santoston, NE 86564",177,102,Michael,Flynn,32.56
35,"1890 Charles Mountain Apt. 269 Stevenland, IA 08210",172,73,Michael,Spencer,24.68
61,"2359 Allison Village Suite 827 Nicholasstad, IL 21089",164,43,Roger,Vaughan,15.99
70,"631 Bailey Green Apt. 855 West Anthonystad, MA 62681",169,48,Kenneth,Larson,16.81
28,Unit 4851 Box 6934 DPO AP 64621,177,53,Travis,Harris,16.92
86,"1781 Brown Street West Ashleymouth, NM 59607",176,57,Amy,Clark,18.4
44,"29724 Baldwin Ville South John, VI 90712",188,46,Cynthia,Wright,13.01
49,"443 Olson Harbor Sotoshire, HI 59260",180,108,Anthony,Jackson,33.33
74,"435 Crystal Corner Rogerstad, AK 61586",156,75,Ann,Trujillo,30.82
61,"896 Gilbert Ridges West Julianbury, KY 71005",188,105,Yvette,Boyd,29.71
30,"63557 Green Knoll Apt. 395 Randyshire, OH 23265",174,100,Paul,Edwards,33.03
65,"633 Medina Shores Suite 616 Andrewtown, IN 45673",174,80,Cathy,Huber,26.42
60,"PSC 7962, Box 4882 APO AA 74016",185,74,Matthew,Haas,21.62
63,"8938 Baker Rest Apt. 831 North Jamesbury, MH 37802",180,106,Richard,Todd,32.72
75,"8591 Kevin Springs Apt. 034 Cynthiachester, VI 58863",195,41,Felicia,Parker,10.78
43,"066 Nicole Extensions Martinstad, HI 91424",179,103,Angela,Dixon,32.15
35,"513 Rodriguez Spur Suite 579 Murphyton, MH 36343",177,84,Amanda,Brown,26.81
99,"143 Jennifer Ranch Chelseaberg, AK 12000",165,108,Christina,Villanueva,39.67
33,"77655 Brittany Row Davidton, HI 36912",195,93,Sarah,Dunn,24.46
52,Unit 3158 Box 2998 DPO AE 80191,168,108,Alexis,Goodwin,38.27
89,"6952 Wiley Rapid Suite 624 South Jordan, WV 85252",156,74,Katie,Williamson,30.41
88,USNV Kennedy FPO AA 72262,167,97,Sara,Burns,34.78
61,USCGC Leonard FPO AP 49094,160,66,Kevin,Reeves,25.78
59,"83870 Jennifer Mews Suite 381 West Mariah, NY 17373",170,62,Katherine,Wright,21.45
70,"98622 Phillip Greens Bradshawport, NH 34091",199,76,Pamela,Collins,19.19
61,"40193 Nicole Ferry Jonesbury, DE 46536",188,61,Holly,Thompson,17.26
61,"1890 Charles Mountain Apt. 269 Stevenland, IA 08210",179,64,Jessica,Pruitt,19.97
39,"87946 Simpson Glen Mikeside, AZ 37909",163,61,Daniel,Woodward,22.96
27,"8799 Leslie Cove Apt. 867 Melissabury, TN 71172",189,46,Sandra,Wagner,12.88
30,"0060 Whitney Unions Suite 392 Port Lisaside, AL 33979",189,50,Brandon,Johnson,14.0
28,"00248 Daniel Run Apt. 896 East Sarastad, PR 68783",164,72,Patrick,Taylor,26.77
33,"5098 Wilson Crossing South Patrick, AZ 39254",195,91,Christopher,Smith,23.93
60,"236 Stephanie Divide Murphystad, VI 48435",163,45,Ronald,Ramirez,16.94
54,"280 Jennifer Light North Davidfurt, GA 63394",183,90,Dana,Robinson,26.87
53,"4026 Jonathon Flat Suite 496 North Jessicaland, MT 44970",176,108,Kyle,Flores,34.87
79,"58316 Stone Lane Port William, KY 29476",192,64,Ricardo,Phillips,17.36
87,"65063 Wheeler Fork Davidside, MH 92122",159,67,Brittany,Booth,26.5
34,"3512 Lindsey Fords North Sharon, AR 41907",166,48,Jennifer,Washington,17.42
98,"3583 Allen Burg Jonesfort, NM 39713",174,102,Anthony,Lewis,33.69
84,"653 Jenkins Greens North Devin, GU 07740",168,88,Alan,Phillips,31.18
62,"590 Mueller Lodge Suite 912 Hensleyport, WI 12485",193,89,Matthew,Norman,23.89
70,Unit 6395 Box 2308 DPO AE 44059,174,93,Michelle,Morris,30.72
46,"13023 Alexis Well Suite 497 Nathanielmouth, SC 83583",152,74,Marc,Stephens,32.03
60,"4964 Johnson Run Jonathanhaven, AK 66260",184,47,Jennifer,Johnston,13.88
41,"480 Amy Square Danielshire, TX 94430",189,60,Scott,Garcia,16.8
33,"7969 Barr Camp Richardville, AK 09006",174,40,Charles,Paul,13.21
85,"8551 Butler Trail Erinville, NV 60825",177,75,Mary,Wallace,23.94
61,"95854 April Prairie Apt. 388 South Gabrielfort, NJ 71505",174,43,April,Lin,14.2
39,"949 Curtis Overpass Suite 222 Ashleyside, MH 72671",191,41,Corey,Brown,11.24
81,"0930 Paul Mill Morrisonside, DC 56546",186,105,Jeffrey,Davis,30.35
78,"543 Kerr Greens Suite 951 Bellfort, CO 31243",154,89,Christopher,Ortiz,37.53
64,"34907 Gabriel Greens Collierburgh, UT 91278",161,93,Karen,Montgomery,35.88
87,"42567 Young Locks Amberport, CT 79708",199,109,Alexis,Potter,27.52
66,"0696 Christine Burg Hensleyhaven, TN 69450",170,94,Katherine,Coleman,32.53
59,"687 Howard Isle Apt. 055 South Amyshire, AK 23920",178,55,Jose,Young,17.36
74,"838 Garrett Hollow East Scott, OK 70667",174,104,Wendy,Rivera,34.35
25,"96137 Villa Ford Lawrenceside, OR 93134",166,110,Zachary,Rivas,39.92
52,"670 Moore Fields Suite 634 West Leslie, MI 44423",174,80,Matthew,Ward,26.42
61,Unit 0151 Box 6533 DPO AA 57671,182,76,Brenda,Williams,22.94
22,"9563 Barnett Roads Apt. 214 Heatherchester, MD 93140",155,45,Stephanie,Bond,18.73
91,"1636 Nathan Keys Apt. 971 Gibsonview, ID 26440",195,61,Ronald,Williams,16.04
65,"429 Guerra Manors Suite 400 Port Erikaburgh, WI 50715",174,108,Denise,Mccoy,35.67
50,"6602 Thomas Mountain Apt. 707 Port Karenmouth, HI 85713",199,70,Michael,Ward,17.68
51,"134 Brown Alley Jenniferchester, OR 32903",187,57,John,Reeves,16.3
44,"466 Guerrero Fall East Melissaberg, PW 91099",177,90,Victoria,Bass,28.73
77,"2163 Crystal Valleys Suite 075 West Tyler, FM 83431",165,86,Jose,Roberts,31.59
84,"875 Ashley Lights Kevinburgh, DE 24411",153,89,Erika,Castillo,38.02
100,"195 Brad Crossroad New John, PW 40003",196,55,Rhonda,Garcia,14.32
63,"9350 Johnson Via Lake Sarah, OH 92473",152,69,Susan,Johnson,29.86
21,"PSC 2761, Box 5429 APO AP 42838",160,83,Tracey,Martin,32.42
77,"263 Jason Spurs Apt. 195 Barbaraport, AL 71614",179,76,Jessica,Olson,23.72
98,"033 Sarah Grove Suite 685 Port Kenneth, AL 74882",174,74,Charles,Walker,24.44
93,"2671 Mccann Corners Shawnaview, ND 92876",166,56,Elizabeth,Singleton,20.32
83,"256 Mclaughlin Haven Davidtown, SD 51421",189,87,Joseph,Osborn,24.36
82,"092 Thomas Camp East Aprilberg, NV 55109",181,79,Mark,Smith,24.11
64,"7878 Charles Garden Suite 136 Michaelview, RI 90934",184,74,Stacy,Gibbs,21.86
66,"10407 Ashley Meadow Suite 800 Spencerhaven, HI 92542",163,89,Melanie,Stevens,33.5
49,"73927 Shaw Flats Apt. 978 West Samantha, NV 48873",158,68,Christina,Cooper,27.24
61,"2935 Linda Trail Maldonadomouth, DC 76942",174,49,Yvette,Lee,16.18
83,"436 Nicholas Hollow Nguyenchester, DE 77202",194,57,Mark,Mcneil,15.15
86,"21728 Nicole Tunnel Evanborough, OR 41428",159,44,Ricky,Clark,17.4
57,USS Graves FPO AP 77377,174,101,Monica,Hubbard,33.36
45,"125 Michael Ways North Jessicaton, MI 83177",154,79,Caleb,Mcguire,33.31
30,"32581 Monica Causeway South Ericamouth, OK 42216",163,78,Robert,Benitez,29.36
75,"674 Long Drive Apt. 511 Kristenmouth, KY 02971",174,63,Stacie,Hill,20.81
50,"04354 Keith Parkways Joshuaberg, NY 77801",174,97,Kathryn,Kim,32.04
23,"62677 Mosley Villages Ashleyview, FL 67335",157,62,Stacy,Garcia,25.15
96,"75819 Sonya Crest Ramirezchester, PA 04666",159,92,Shari,Jensen,36.39
91,"559 Griffin Mill West Ryan, IN 08924",184,64,Raymond,Park,18.9
79,Unit 9941 Box 0235 DPO AA 91395,200,60,Amy,Richardson,15.0
64,"787 Rice Tunnel Jimenezshire, MT 43124",174,52,Eric,Barnett,17.18
81,"5827 Nicole Oval East Jeffrey, MS 49253",166,73,Jennifer,Estrada,26.49
98,Unit 8122 Box 9070 DPO AE 97920,172,100,Danny,Collins,33.8
48,"49876 Campbell Plaza Apt. 920 West Debrahaven, FM 25303",163,70,Emily,Norton,26.35
90,"7409 Hardin Orchard Murphyland, DC 91745",169,80,Sheri,Thompson,28.01
28,"1351 Hernandez Station Suite 944 West Brian, VT 32974",161,74,Sandy,Moore,28.55
79,"3128 Thomas Harbor Suite 094 Christophermouth, VA 47881",200,77,Kimberly,Mcdowell,19.25
45,"69290 Kayla Shores Suite 154 Aimeestad, AK 81383",190,100,Robert,Myers,27.7
27,"4436 Richards Rest Apt. 980 New Katelyn, DC 74887",154,61,Timothy,Watson,25.72
28,"9712 Samuel Lake Apt. 261 Gregorystad, PR 30766",157,92,Kelly,Owens,37.32
66,Unit 3261 Box 3213 DPO AA 96304,192,50,Cathy,Nelson,13.56
25,"468 Miller Plaza Apt. 950 New Rachaelshire, LA 51297",198,55,Thomas,Vazquez,14.03
47,"79918 Tracy Viaduct Julieburgh, MP 48312",172,49,Melissa,Long,16.56
78,"153 Meghan Knolls Lake Christina, NM 29287",161,98,Julie,Perez,37.81
61,"71959 Travis Canyon Suite 001 Valeriebury, ND 79387",170,41,Christopher,Schultz,14.19
61,"931 Mark Mission Suite 704 Marilynland, PW 53906",165,50,Jeremy,Lopez,18.37
61,"848 Robert Locks East Bradley, SC 05730",190,74,Daniel,Wang,20.5
20,"668 Thomas Circle Apt. 404 Beltranfurt, MP 90174",174,100,James,Pham,33.03
39,"882 Wise Pike Port Scottville, ME 66382",153,69,Willie,Mathews,29.48
94,"14431 Laurie Mountains West Melissabury, NE 33528",178,71,Christopher,Smith,22.41
44,"0663 Brittany Rapid Suite 916 Lake Miranda, FM 55156",182,70,Jessica,Thompson,21.13
31,"959 Hampton Points West Tony, WV 21599",156,63,Vickie,King,25.89
72,"8245 Tina Point Suite 994 Emilymouth, DE 31761",193,76,Anthony,Yang,20.4
85,"11196 Megan Center Carlmouth, VA 01228",152,50,Jaime,Bass,21.64
29,"143 Strickland Ford Christianport, AR 27739",190,89,Andrea,Hickman,24.65
61,"2489 Ralph Divide Suite 828 South Edward, GU 13281",161,61,Amy,Higgins,23.53
70,"24987 Trevor Harbor Lake Stacey, GU 85583",195,78,Samantha,Castaneda,20.51
45,"996 Lane Rest Williamside, UT 97506",171,61,Robert,Carter,20.86
48,"6952 Wiley Rapid Suite 624 South Jordan, WV 85252",162,54,Evelyn,Lee,20.58
33,"467 Haney Walks Apt. 877 Julietown, LA 46245",198,63,Brandon,Mercer,16.07
83,"8949 Morgan Stravenue Denisebury, FM 86833",197,75,Richard,Wells,19.33
53,"49707 Johnson Fort Lake Jonathanfort, WY 65402",185,83,Tiffany,Bennett,24.25
81,"2570 Alvarado Terrace East Williamview, AZ 74644",189,46,Jennifer,Coleman,12.88
61,"4370 Roy Walks Ericksonberg, OH 75819",164,52,Matthew,Watson,19.33
53,"2535 Evans Center Apt. 821 Henryport, VA 04610",165,105,Brian,Parker,38.57
64,"070 Brittany Spring Hillstad, HI 87987",198,80,Morgan,Ramirez,20.41
61,"15107 Jacobs Drives Suite 327 South Kenneth, MO 10526",170,109,Calvin,Montgomery,37.72
59,"88736 James Village Suite 517 East Michele, CT 47355",178,87,Emily,Doyle,27.46
43,"5692 Kyle Corner Elizabethborough, IN 55827",156,74,Stephen,Reed,30.41
20,"97555 Cox Brook West Joannhaven, HI 01728",159,109,Kelly,Johnston,43.12
94,"24038 Brown Skyway Suite 294 Fordburgh, TX 46569",168,47,Jennifer,Velazquez,16.65
83,"6032 Ruiz Crossing Suite 916 Danielmouth, MP 21687",151,47,Joshua,Williams,20.61
61,"66678 Lane Ridges Apt. 799 Lake Alexis, VA 63892",156,76,Doris,Castro,31.23
97,"733 Quinn Ranch East Josephville, MO 66403",192,74,Richard,Ortega,20.07
71,"45820 Lisa Drive Suite 963 South Jessica, ID 55781",198,74,Paul,Barnes,18.88
73,"PSC 1015, Box 4753 APO AE 74380",151,90,Timothy,Burns,39.47
78,"54349 Williams Glens Apt. 720 Taylorfurt, MS 53421",156,104,Kimberly,Allen,42.74
20,"580 Munoz Shores Apt. 172 South Erin, IN 64658",192,90,Willie,Walker,24.41
74,"599 Donald Summit South Mary, AK 25994",163,74,Lauren,Mcgee,27.85
72,"226 Sandra Corners West Amy, MH 15868",155,72,Micheal,Rodriguez,29.97
58,"621 Hicks Highway Kennethfurt, FL 27921",170,79,Charles,Lowe,27.34
100,"6847 William Corners Suite 419 Kimfurt, WV 86729",176,43,David,Taylor,13.88
94,"04165 Ryan Glen South Nancystad, LA 25329",152,84,Kevin,Carr,36.36
47,"3413 Danielle Tunnel Lindsayville, MS 61151",157,43,Roger,Thompson,17.44
84,"6473 Sharon Motorway Apt. 762 Montoyachester, TN 17240",167,102,Rebecca,Brown,36.57
95,"3399 Jennifer Common Gomezside, NM 49587",150,67,Rebecca,Simon,29.78
61,"8522 Cooper Glens Paulville, NE 72582",186,74,Sarah,Osborne,21.39
97,"7991 Andrea Vista Apt. 326 Lisaside, VA 75453",158,63,Hannah,Howard,25.24
32,"0494 Zachary Mountain Port Staceyview, VT 20140",165,98,Shelby,Erickson,36.0
95,"98794 Valentine Ways Lake Samantha, VT 74584",160,87,Courtney,Flores,33.98
44,"23392 Elizabeth Meadow Suite 433 Shannonville, DE 41723",174,105,Emily,Hardin,34.68
63,"618 Ruth Pines Apt. 352 Joshuaburgh, ID 71800",182,99,Carlos,Harrison,29.89
93,"52610 Cherry Valley Apt. 598 West Douglasborough, NJ 84121",167,74,Scott,Mercado,26.53
82,"306 Michelle Tunnel Apt. 327 Shieldsport, AS 43141",178,97,Zachary,Ortega,30.61
72,Unit 9757 Box 6839 DPO AA 31107,152,51,Brandi,Vasquez,22.07
78,"20085 Buckley Hill Hernandezville, PA 29278",198,68,Brenda,Williamson,17.35
99,USS Kirk FPO AA 80829,187,51,Mikayla,Mcguire,14.58
63,"4258 Margaret Rest Suite 510 Gilbertmouth, UT 74074",199,55,Briana,Moran,13.89
32,"85832 Moody Union South Rebeccaton, KS 89642",178,76,Jenna,Davis,23.99
47,"8699 Andrew Alley Suite 625 Christopherton, WA 77655",184,92,Colleen,Lindsey,27.17
91,"6653 Summer Pine Apt. 713 Patrickstad, MH 34157",174,46,Cheryl,Dennis,15.19
89,"0854 Joseph Bridge South Daniel, RI 24453",182,74,Kenneth,Lopez,22.34
33,"18055 Suarez Camp Suite 335 Sanchezfurt, AZ 50114",200,91,Joseph,Willis,22.75
88,"018 Karen Brook Apt. 614 New William, ID 88479",170,106,Gabriel,Oliver,36.68
51,"444 Berry Cove Apt. 619 West Jonathan, MH 60766",200,46,Jessica,Lin,11.5
80,"480 Neal Ford Dunnfort, MI 11008",188,74,Zachary,Williams,20.94
68,"16810 Jimmy Fords Suite 069 East Ashley, MD 32798",179,104,Christopher,Jensen,32.46
25,"735 Sheppard Turnpike Apt. 176 West Justinborough, WY 73484",168,62,Laura,Mendoza,21.97
67,"59676 Douglas Pines Apt. 121 Port Cory, AL 90306",167,84,Joshua,Davila,30.12
61,"800 Dean Freeway Apt. 894 Davidmouth, GA 98665",170,41,Brandon,Greene,14.19
69,"8812 Orr Villages Apt. 750 Port Jesse, VI 29262",166,74,Julie,Spencer,26.85
83,"9596 Jimenez Station Suite 047 Weaverfurt, IL 06360",158,74,Ashley,Jones,29.64
29,"8880 Traci Road South Heather, MH 76544",152,41,Jacob,Lara,17.75
76,"8938 Baker Rest Apt. 831 North Jamesbury, MH 37802",160,65,Jonathan,Simpson,25.39
76,"99636 Meghan Prairie Suite 234 Cookehaven, OR 12274",194,82,Robert,Young,21.79
91,"448 Ward Terrace Port Evanside, SC 92178",174,46,Kristina,Coleman,15.19
78,"8293 Duarte Dam East Rachel, MP 87736",194,58,Rebecca,Mendez,15.41
82,"224 Theresa Lights South Codyside, WY 89689",158,101,Dylan,Martinez,40.46
74,"0029 Ryan Extension Suite 443 New Denisetown, NJ 79984",150,106,Aaron,Conner,47.11
48,"438 Brandt Drive East Nancy, WY 82089",189,74,Emily,Lucas,20.72
23,"4140 Shelly Ways Anneville, GU 63200",169,69,Amy,Macias,24.16
60,"301 Young Valley Berrymouth, NJ 68263",169,73,Samantha,Oconnell,25.56
26,"39748 Ashley Ranch West Robert, NE 68295",171,56,Javier,Armstrong,19.15
23,"893 Arnold Plains Apt. 814 Villaport, KY 82628",172,74,Edwin,Gray,25.01
54,"182 Williams Land Stewartchester, MN 15565",159,66,Andrew,King,26.11
89,"73980 Olson Courts Suite 286 Jamesland, DC 41157",189,62,Paul,Frey,17.36
93,"40962 Jay Run Suite 336 North Mariahshire, IL 43207",181,54,Colleen,Jones,16.48
43,"7331 Davis Well Apt. 044 Shieldsberg, NC 24408",171,72,Renee,Adams,24.62
97,"2772 Marvin Parks North William, VT 65433",186,40,Jesse,Morris,11.56
45,"8641 Troy Islands Apt. 442 Zacharyborough, AS 44634",163,68,Jennifer,Hamilton,25.59
32,"646 Jenny Divide Suite 766 Castillofurt, MO 56869",166,44,Michelle,Cochran,15.97
61,"42993 White Shoal Apt. 604 Mccarthychester, VI 13818",154,47,Judith,Howard,19.82
80,"715 Jessica Manors Danielshire, WY 58580",154,41,Robert,Schultz,17.29
32,"409 Morgan Branch Suite 028 Rileyberg, IN 52867",187,86,Olivia,Fitzpatrick,24.59
61,"33584 Baldwin Summit West Nancy, TX 37590",198,62,Kayla,Hansen,15.81
72,"8073 Rodriguez Harbors Suite 516 Stephanieside, TN 44157",152,74,Zachary,Russell,32.03
48,"82102 Lee Drive Apt. 539 Kellymouth, MP 18346",188,61,Jason,Elliott,17.26
97,"3128 Thomas Harbor Suite 094 Christophermouth, VA 47881",174,101,Thomas,Compton,33.36
70,"165 William Trail Apt. 794 North Lisahaven, ND 09698",172,96,Thomas,Rios,32.45
51,"857 Walter Cliff Careybury, NM 33963",188,70,Melvin,Ruiz,19.81
31,"9580 Derrick Drive Blakeport, VA 64839",175,72,Tommy,Hernandez,23.51
70,"68860 John Fork Lake Albert, AL 65288",181,62,Molly,Perez,18.92
34,"90854 Amber Glens Mccartystad, MH 32586",166,95,Michael,Davidson,34.48
48,"3300 Mitchell Summit Suite 931 Port David, CA 91270",160,88,Troy,Hurley,34.37
22,"61775 Holt Pike North Thomasburgh, AZ 81356",187,42,Tonya,Vasquez,12.01
76,"8622 Burns Ferry South Ginafort, WI 44798",195,54,Tyler,Fisher,14.2
22,"40962 Jay Run Suite 336 North Mariahshire, IL 43207",156,61,Susan,Lutz,25.07
95,"PSC 5959, Box 3385 APO AA 84767",193,43,Gary,Young,11.54
58,"90332 Robinson Hollow West Josephview, ND 37261",163,49,Roger,Long,18.44
86,"4953 Mcdonald Freeway Rebeccamouth, SC 96552",178,90,Dana,Thomas,28.41
25,"4916 Pamela Mills Apt. 601 Faulknerview, CT 79819",164,94,Margaret,Fletcher,34.95
50,"76571 Kirsten Key North Regina, MI 90990",152,100,Kevin,Stevenson,43.28
30,"445 Stephen Mountain Lake Hollymouth, VI 11012",156,60,Jennifer,Rodriguez,24.65
81,"PSC 9627, Box 2771 APO AP 49113",194,74,Paul,Murphy,19.66
59,"882 Wise Pike Port Scottville, ME 66382",164,62,Linda,Cummings,23.05
85,"25999 Gutierrez Rapid Port Paulaview, PR 08002",154,86,Daniel,Wang,36.26
51,USNV Skinner FPO AA 60212,153,61,Dean,Brown,26.06
96,"7983 Rebecca Highway Apt. 253 Lake Tammyfurt, IL 66184",168,46,Justin,Powers,16.3
32,"4331 Kristine Canyon North Abigail, VI 82362",185,78,Heather,Ellis,22.79
30,"4357 Jones Way Apt. 609 Sarahton, UT 45143",174,65,Maria,Potter,21.47
61,"12568 Rebecca Roads New Robertchester, WA 09843",170,48,Ashley,Bridges,16.61
54,"2765 Justin Orchard Apt. 150 South Gabriel, LA 60304",172,96,Jason,Smith,32.45
51,"PSC 4296, Box 9593 APO AP 99914",174,103,Evelyn,White,34.02
38,"15729 Hayes Knolls North Michellestad, CO 48368",160,58,Jeffrey,Hutchinson,22.66
90,"258 Reyes Burgs Suite 937 South Erinfurt, SD 03414",186,74,Thomas,Sandoval,21.39
55,"3614 Laura Rest Lake Donna, TN 86321",187,104,Raymond,Ray,29.74
56,"269 Roberts Burg Keithbury, NV 91918",189,52,Michael,Campbell,14.56
49,"5263 Alan Hollow Morganville, MI 93071",170,74,Julie,Murray,25.61
74,"2218 Martin Harbors Christinaberg, OK 94930",159,59,Michael,Herring,23.34
77,"3227 Green Mill Lake Jeffery, FL 16130",172,80,Manuel,Hodge,27.04
82,"5700 Schneider Prairie Apt. 375 Washingtonburgh, VT 25081",178,109,Calvin,Johnson,34.4
54,"958 Phillips Corner Triciamouth, ID 42180",163,98,Lucas,Baldwin,36.89
39,"PSC 6061, Box 1661 APO AE 31482",161,41,Dawn,Ryan,15.82
58,"2183 Monroe Drive Suite 345 Johnsonview, DC 69778",162,74,Gregory,Hall,28.2
76,"3259 Vargas Streets New Jamesside, MD 04941",163,70,Gregory,Evans,26.35
54,"4455 Heather Fort Apt. 360 Edwardbury, SD 33523",180,88,Jay,Hardin,27.16
94,"777 Krause Causeway Ronnieside, KY 96952",189,91,Judith,Allen,25.48
96,"61335 Mora Turnpike Suite 558 Edwardview, VT 52332",195,84,Robert,Oconnell,22.09
26,"559 Romero Lakes Suite 117 Haleland, PW 21224",174,73,Anthony,Baker,24.11
98,"54101 Scott Track Suite 703 Lake Lisa, CA 65956",187,99,Eric,Potter,28.31
27,"71789 John Courts Suite 713 Lauraport, WA 03507",189,70,Thomas,Stone,19.6
85,"92764 Oscar Path Alexandrafort, VT 27917",155,101,Stephanie,Casey,42.04
80,"7597 April Forest Apt. 438 Port Anthonyside, AL 67870",183,79,Paul,King,23.59
99,"447 Sarah Creek South Julia, DC 04531",174,99,Bob,Mcneil,32.7
81,"290 Nathan Trace Apt. 975 East Melissa, ND 52493",181,80,April,Lopez,24.42
61,"2175 Brandon Light Suite 529 Parrishside, AR 45127",162,72,Brian,Williams,27.43
90,"3047 Ronald Lights Apt. 257 Josephtown, ME 18032",187,74,Cynthia,Miller,21.16
24,"38994 Samantha Hollow Jamiehaven, MI 69183",199,74,Jackie,Mercer,18.69
61,"3701 Debra Isle West Michaelchester, IA 79045",197,99,Henry,Henson,25.51
52,"2977 Victoria Park Apt. 235 South Dorothyfurt, NM 33249",151,102,Regina,Wells,44.73
30,"8316 Theresa Bypass Suite 745 Terryshire, FM 57409",188,51,Jennifer,Pennington,14.43
88,"7075 Landry Junction Suite 993 West Kenneth, GA 79612",191,78,Miranda,Cortez,21.38
66,"9563 Barnett Roads Apt. 214 Heatherchester, MD 93140",191,69,Danny,Jones,18.91
81,"8954 Elizabeth Estate Suite 889 Harrisonborough, HI 80344",178,95,Collin,Williams,29.98
50,"2905 Diane Isle East Nicole, AS 95665",179,74,Caleb,Williams,23.1
100,"16818 Hanson Center Victoriafurt, NY 12831",170,44,Hannah,Paul,15.22
46,"4953 Mcdonald Freeway Rebeccamouth, SC 96552",150,90,Christina,Hill,40.0
96,"059 Nicole Gardens Fitzgeraldside, SC 90397",160,94,Cynthia,Dickson,36.72
99,"81836 Kyle Loaf Suite 973 Buchananbury, IN 60167",163,79,Jeremy,Arnold,29.73
49,Unit 5032 Box 5097 DPO AP 75772,189,110,Michelle,Johns,30.79
62,"655 Kathryn Parkways West Matthew, AL 94673",174,98,Mathew,Fowler,32.37
84,"041 Stephanie Heights Apt. 904 Rebeccabury, TX 19709",156,44,Travis,Frost,18.08
21,"212 Willie Corner Apt. 699 Reneeton, MH 08619",159,66,Barbara,Hammond,26.11
62,"9899 Cowan Light Apt. 827 North Tammy, AR 99179",200,69,Tara,Hill,17.25
36,"8684 Phillips Curve Apt. 983 New William, NE 52835",193,72,Rebecca,Huynh,19.33
42,"1200 Steven Fall Apt. 609 South Tim, CO 76821",181,76,Robert,Giles,23.2
87,"404 Arias Junctions Sherryfurt, MI 07092",169,63,Catherine,Harvey,22.06
20,"992 White Green Apt. 025 Clarkchester, MA 06932",180,44,Michelle,Villanueva,13.58
46,"312 Perkins Lakes Apt. 930 New Williamville, FM 01049",157,110,Robert,Williams,44.63
62,"04882 Brandon Well Jessicaborough, CA 39701",196,108,Ray,Merritt,28.11
79,"38343 Archer Flats Suite 089 Kimberlyburgh, SD 09158",152,110,Taylor,Kim,47.61
83,"111 Smith Parks Cooperfurt, WI 42817",179,107,Latoya,Padilla,33.39
38,"525 Cochran Drive Suite 316 New Davidberg, OR 14428",174,73,Veronica,Hill,24.11
45,"480 Neal Ford Dunnfort, MI 11008",157,67,Penny,Brown,27.18
32,"3701 Beth Rapids Lake Jerry, TN 59035",190,65,Christina,Evans,18.01
20,"665 Daniel Port Lake Yvette, SD 58135",151,92,Jeffrey,Griffin,40.35
95,"2191 Little Trail Apt. 071 North Johnstad, MS 68138",198,74,David,Woods,18.88
57,"2646 Diana Coves West Sarafurt, VA 26786",194,88,Thomas,Smith,23.38
49,"950 Robinson River Chasemouth, VT 54461",163,69,Andrea,Villanueva,25.97
85,"21256 Jose Ford Apt. 280 Owensland, MD 58950",151,87,Pamela,Booker,38.16
36,"537 Diana Course Autumntown, FL 39710",189,72,Kimberly,Riggs,20.16
82,"0263 Tucker Port Suite 354 Murphyberg, RI 24330",174,58,Charles,Orozco,19.16
61,"956 Alexis Tunnel Suite 485 Fernandoview, NJ 15294",174,97,Sandra,Brown,32.04
82,"6528 Courtney Crest Suite 732 New Joel, KS 62544",159,76,Megan,Morrison,30.06
61,"884 David Harbors Apt. 471 Foxstad, CO 50338",168,54,Sandra,Haas,19.13
75,USNV Cooper FPO AP 84245,163,80,Christopher,James,30.11
87,"71774 Miguel Walk North Amanda, SC 08104",196,97,Tiffany,Williams,25.25
46,"438 Katie Spur North Kelseyborough, TN 72000",162,74,George,Fields,28.2
61,"73675 Karen Creek Suite 997 Jacksonstad, MH 26063",174,74,Matthew,Taylor,24.44
20,"92368 Velazquez Courts West Davidland, IL 35356",178,80,Lisa,Andrews,25.25
74,"08516 Rachael Burg Apt. 020 South Bradleyhaven, WV 01255",168,88,Thomas,Christian,31.18
86,"32461 Pena Vista Knightfurt, MO 75461",167,74,Deanna,Gilmore,26.53
61,"7203 Andrew Pike Apt. 913 New Megan, AS 90483",159,63,Mary,Sanchez,24.92
78,"PSC 8630, Box 6176 APO AE 56694",174,100,Sabrina,Castillo,33.03
87,"72298 Reed Tunnel Christopherview, KS 91643",157,74,Raven,Mclean,30.02
28,"PSC 1015, Box 4753 APO AE 74380",156,94,Joshua,Shaw,38.63
75,"552 James Field Port Richardbury, WV 38414",178,55,William,Harrison,17.36
91,"744 Graham Pines South Stephanie, MA 45239",199,80,Adam,Cox,20.2
71,"9267 Casey Route West Anthonystad, MN 46489",160,89,Stacy,Santana,34.77
67,"24231 Vasquez Rue East Kayla, WI 03970",195,57,Jeremy,Edwards,14.99
55,"PSC 1981, Box 4695 APO AE 58802",153,100,John,Wilkins,42.72
33,"5174 Miranda Views Suite 159 West Stevenland, MT 32147",194,55,Christine,Hoover,14.61
32,"885 Meyers Summit Suite 308 Nealchester, WY 42197",167,103,Latoya,Chavez,36.93
36,"662 Susan Key Apt. 753 West Richard, MA 92525",158,74,Joshua,Skinner,29.64
99,"5523 Seth Plains Melissaburgh, MN 17044",163,100,Haley,Burgess,37.64
52,"06331 Hicks Lakes New Lisa, AK 27087",168,53,Colin,Archer,18.78
87,"938 Jordan Spur Suite 726 New Hannahmouth, IN 85969",188,74,Brian,Warren,20.94
56,"874 Dakota Freeway North Erin, TN 08115",192,60,Debra,Lopez,16.28
43,"51147 Rush Manors Suite 122 Parkertown, SC 27926",182,53,Brent,Vega,16.0
91,Unit 4874 Box 7897 DPO AP 50750,194,77,Nathaniel,Williams,20.46
73,"98364 Lambert Courts Apt. 366 Figueroaborough, IN 26994",160,90,George,Lowery,35.16
97,"7498 Michael Estate South James, NY 44975",161,104,Madeline,Price,40.12
51,"73346 Morrison Fort New Heather, NH 67083",166,67,Mary,Walsh,24.31
22,"3314 Carolyn Shoal Lake Chelseaside, MN 19033",159,51,Gary,Peterson,20.17
69,"PSC 1183, Box 7648 APO AP 24943",187,77,Michael,Carson,22.02
61,"211 Nunez Meadow Alexistown, CA 92957",173,85,Jennifer,Hartman,28.4
20,"2363 Wilson Trail Apt. 252 North Kellyburgh, SD 48518",194,88,Anthony,Sharp,23.38
29,"045 Christopher Road Mooreland, OK 93619",167,92,Adam,Salas,32.99
46,"065 Paula Center Lake Crystal, VT 16005",196,84,Melanie,Lynn,21.87
61,"710 Gonzalez Stream Apt. 100 West Matthewshire, NM 48427",193,46,Marco,Harris,12.35
58,"555 Paul Causeway Port Erikmouth, IL 96243",163,74,Alexander,Thornton,27.85
72,"668 William Squares North Johnborough, MA 22779",181,97,Margaret,Hill,29.61
69,"6300 Thomas Mountains Apt. 279 South Elijahtown, IL 92772",179,50,Cassandra,Key,15.61
41,"7369 Moreno Lake Lambertside, AS 93916",190,66,Stacy,Scott,18.28
87,"232 William Common Sandyberg, WI 26144",184,80,Aaron,James,23.63
61,"97943 Patricia Trace Destinychester, WY 20840",192,61,Meghan,Johnson,16.55
49,"917 Heather Port Suite 594 New Kent, FM 40125",183,68,Crystal,Fox,20.31
20,"16754 Richard Vista Apt. 265 Potterbury, OK 41000",194,42,Anthony,Rios,11.16
66,"9233 Cooper Crest Suite 162 Sanfordfort, AZ 24577",175,47,Charles,Mayo,15.35
67,"41505 Joseph Track Apt. 114 Emilychester, MN 49203",183,101,Megan,Smith,30.16
77,"366 Mclaughlin Pass Millerville, SD 48534",160,102,Tina,Martinez,39.84
61,"022 Scott Shore East Jonfurt, NE 29519",153,108,Andrew,Durham,46.14
88,"305 Jeff Causeway Glendatown, NM 98024",160,95,Jessica,Carter,37.11
49,"855 Kelly Port Rochaborough, KY 11878",194,74,Michele,Jackson,19.66
61,USNV Cooper FPO AP 84245,171,93,Joshua,Hernandez,31.8
24,"370 Fuller Lodge Carriemouth, IL 91156",163,87,Michael,Spencer,32.74
61,Unit 5191 Box 8596 DPO AP 98239,173,105,Michael,Scott,35.08
38,"309 Brandi Curve Cowanfort, TX 63215",170,91,Thomas,Williams,31.49
50,"9776 Andrew Vista East Jeffreystad, MH 22963",196,105,Kathleen,Preston,27.33
94,"725 Jeffrey Cape Suite 424 Harveybury, GU 67336",155,74,Michael,Owens,30.8
68,"1862 Michael Harbor Apt. 130 West Joelview, OR 85413",155,95,Sara,Howard,39.54
74,"77655 Brittany Row Davidton, HI 36912",184,84,Jeffrey,Turner,24.81
97,"946 Cassandra Green Suite 231 East Renee, MA 44010",150,74,Stephanie,Meyers,32.89
70,"98707 Jessica Via Suite 978 North Natalie, NM 45821",157,96,Heather,Brooks,38.95
59,"9362 Bush Oval Suite 770 Port Alexandraberg, WV 37416",159,63,Emily,Beck,24.92
52,"40193 Nicole Ferry Jonesbury, DE 46536",198,62,Jose,Morgan,15.81
65,"42944 Hamilton Causeway Apt. 806 Port Jenniferfurt, GA 18109",174,106,Maria,Reed,35.01
70,"694 Bruce Springs Larrymouth, MT 26361",186,74,Christine,Hill,21.39
21,"23392 Elizabeth Meadow Suite 433 Shannonville, DE 41723",191,80,Kelsey,Martinez,21.93
48,"5011 Duran Stravenue East Priscilla, ND 55180",154,59,Shannon,Le,24.88
80,"1918 Richard Falls Suite 781 Michaelville, PR 35686",191,74,Morgan,Lambert,20.28
97,"786 Rogers Lane Webbfort, TX 74352",174,73,Mary,Anderson,24.11
61,USS Lamb FPO AA 83506,195,42,Rebecca,Long,11.05
55,"00198 Soto Freeway Swansonshire, OR 53598",181,57,Kevin,Crawford,17.4
21,"25656 Jacob River Taylorton, IA 20798",170,63,Alyssa,Ford,21.8
80,"4455 Heather Fort Apt. 360 Edwardbury, SD 33523",183,108,Tonya,Espinoza,32.25
64,"319 Smith Place Devinside, CT 35504",166,68,Angela,Fry,24.68
29,"39275 Karen Lane North Billy, CT 77433",173,106,Laura,Kim,35.42
75,Unit 3828 Box 7681 DPO AE 60463,174,95,Victor,Mitchell,31.38
64,"973 Michael Springs Suite 573 Martinberg, IA 84456",178,77,Stephen,Bartlett,24.3
98,Unit 8026 Box 9997 DPO AP 42419,150,89,Thomas,Williams,39.56
91,"6726 Richard Port Gardnerview, CT 33898",200,77,Meghan,Fuentes,19.25
61,Unit 4735 Box 7053 DPO AA 85262,177,65,John,Anderson,20.75
61,"10516 Kelsey Locks Apt. 753 Hamiltonstad, AZ 38961",187,47,Angela,Jones,13.44
22,"9797 Whitehead Springs Apt. 214 Randymouth, DE 17229",153,75,Michael,Gonzalez,32.04
95,"324 Olson Station Apt. 230 Hendersonport, OR 31380",184,74,Austin,Mercer,21.86
91,"7096 Brenda Falls Gayborough, TN 39490",186,42,Rebecca,Vaughn,12.14
31,"889 Crawford Light Apt. 895 Youngberg, KY 82905",158,105,John,Cummings,42.06
79,"48165 Schultz Unions South Allison, OK 97977",159,69,James,Anderson,27.29
61,"73929 Riddle Plain Suite 714 Port Bridgetmouth, PR 52541",191,42,Kelsey,Long,11.51
21,"795 Melissa Forge Suite 460 Monicaton, KY 11184",196,68,Paul,Scott,17.7
88,"59669 Shelby Meadows Saraside, WV 95598",184,74,Donna,Rios,21.86
51,Unit 9710 Box 4847 DPO AE 62031,199,74,Chad,Kennedy,18.69
